"comment_id","category","hit","first_match"
"43861747","reading_inspection",TRUE,"review ai generated code"
"43862272","reading_inspection",TRUE,"code review"
"43862722","reading_inspection",TRUE,"code review"
"43861461","reading_inspection",FALSE,
"43861845","reading_inspection",FALSE,
"43866255","reading_inspection",TRUE,"code review"
"43861805","reading_inspection",TRUE,"code review"
"43865180","reading_inspection",TRUE,"reviewing code"
"43869484","reading_inspection",TRUE,"review the code"
"43864090","reading_inspection",TRUE,"reviewing code"
"43863518","reading_inspection",FALSE,
"43866989","reading_inspection",TRUE,"review the code"
"43863052","reading_inspection",TRUE,"reviewing your own code"
"43867335","reading_inspection",TRUE,"reviewing your own code"
"43862196","reading_inspection",TRUE,"review its own code"
"43874486","reading_inspection",TRUE,"code review"
"43863440","reading_inspection",FALSE,
"43862062","reading_inspection",TRUE,"reviewing code"
"43863177","reading_inspection",FALSE,
"43866834","reading_inspection",FALSE,
"43862283","reading_inspection",FALSE,
"43870056","reading_inspection",FALSE,
"43863147","reading_inspection",TRUE,"code review"
"43864088","reading_inspection",FALSE,
"43862212","reading_inspection",FALSE,
"43868096","reading_inspection",FALSE,
"43861988","reading_inspection",FALSE,
"43862471","reading_inspection",FALSE,
"43877121","reading_inspection",FALSE,
"43877072","reading_inspection",FALSE,
"43862230","reading_inspection",FALSE,
"43862570","reading_inspection",FALSE,
"43863986","reading_inspection",FALSE,
"43864164","reading_inspection",FALSE,
"43867172","reading_inspection",FALSE,
"43863762","reading_inspection",TRUE,"review my own code"
"43882803","reading_inspection",FALSE,
"43863760","reading_inspection",FALSE,
"43877003","reading_inspection",FALSE,
"43867077","reading_inspection",TRUE,"code reviews"
"43870372","reading_inspection",FALSE,
"43867002","reading_inspection",FALSE,
"43864292","reading_inspection",FALSE,
"43864624","reading_inspection",FALSE,
"43862226","reading_inspection",FALSE,
"43862875","reading_inspection",FALSE,
"43862197","reading_inspection",FALSE,
"43864289","reading_inspection",FALSE,
"43862532","reading_inspection",FALSE,
"43878249","reading_inspection",FALSE,
"43862311","reading_inspection",FALSE,
"43868785","reading_inspection",FALSE,
"43869060","reading_inspection",FALSE,
"43865942","reading_inspection",FALSE,
"43864296","reading_inspection",FALSE,
"43867764","reading_inspection",TRUE,"code reviews"
"43868939","reading_inspection",FALSE,
"43872179","reading_inspection",FALSE,
"43872063","reading_inspection",FALSE,
"43864337","reading_inspection",FALSE,
"43867474","reading_inspection",FALSE,
"43863014","reading_inspection",FALSE,
"43868646","reading_inspection",FALSE,
"43863975","reading_inspection",FALSE,
"43862796","reading_inspection",FALSE,
"43865362","reading_inspection",FALSE,
"43864261","reading_inspection",FALSE,
"43862926","reading_inspection",TRUE,"code review"
"43862914","reading_inspection",FALSE,
"43877106","reading_inspection",FALSE,
"43864403","reading_inspection",FALSE,
"43865065","reading_inspection",FALSE,
"43870078","reading_inspection",FALSE,
"43869395","reading_inspection",FALSE,
"43864161","reading_inspection",TRUE,"code review"
"43862940","reading_inspection",FALSE,
"43862939","reading_inspection",FALSE,
"43863144","reading_inspection",FALSE,
"43864371","reading_inspection",FALSE,
"43869024","reading_inspection",FALSE,
"43863130","reading_inspection",FALSE,
"43863401","reading_inspection",FALSE,
"43863222","reading_inspection",FALSE,
"43863152","reading_inspection",FALSE,
"47290195","reading_inspection",FALSE,
"47289753","reading_inspection",FALSE,
"47292915","reading_inspection",TRUE,"reviewing code"
"47290541","reading_inspection",TRUE,"reviewing as much code"
"47290064","reading_inspection",FALSE,
"47289611","reading_inspection",FALSE,
"47295857","reading_inspection",FALSE,
"47292836","reading_inspection",FALSE,
"47292315","reading_inspection",FALSE,
"47289837","reading_inspection",FALSE,
"47290050","reading_inspection",FALSE,
"47289922","reading_inspection",FALSE,
"47290336","reading_inspection",FALSE,
"47297601","reading_inspection",FALSE,
"47309375","reading_inspection",FALSE,
"47290949","reading_inspection",FALSE,
"47298568","reading_inspection",FALSE,
"47290240","reading_inspection",FALSE,
"47289697","reading_inspection",FALSE,
"47291184","reading_inspection",FALSE,
"47292035","reading_inspection",FALSE,
"47291922","reading_inspection",FALSE,
"47289908","reading_inspection",FALSE,
"47290414","reading_inspection",FALSE,
"47291252","reading_inspection",FALSE,
"47290511","reading_inspection",FALSE,
"47290376","reading_inspection",TRUE,"reading other code"
"47290249","reading_inspection",FALSE,
"47290993","reading_inspection",TRUE,"review the code"
"47388846","reading_inspection",FALSE,
"47291794","reading_inspection",FALSE,
"47291283","reading_inspection",FALSE,
"47290264","reading_inspection",FALSE,
"47292581","reading_inspection",FALSE,
"47290770","reading_inspection",FALSE,
"47290485","reading_inspection",FALSE,
"47290026","reading_inspection",FALSE,
"47290390","reading_inspection",FALSE,
"47294934","reading_inspection",FALSE,
"47292624","reading_inspection",FALSE,
"47290081","reading_inspection",FALSE,
"47290452","reading_inspection",FALSE,
"47290339","reading_inspection",FALSE,
"47290312","reading_inspection",FALSE,
"47290374","reading_inspection",FALSE,
"47290351","reading_inspection",FALSE,
"47292679","reading_inspection",FALSE,
"47290150","reading_inspection",FALSE,
"47290269","reading_inspection",FALSE,
"47291898","reading_inspection",FALSE,
"47290182","reading_inspection",FALSE,
"47292553","reading_inspection",FALSE,
"47290566","reading_inspection",FALSE,
"47290934","reading_inspection",FALSE,
"47292072","reading_inspection",FALSE,
"47292583","reading_inspection",FALSE,
"47291409","reading_inspection",FALSE,
"47292368","reading_inspection",TRUE,"review of raw code"
"47293593","reading_inspection",FALSE,
"47290423","reading_inspection",FALSE,
"47293190","reading_inspection",FALSE,
"47290387","reading_inspection",FALSE,
"47290464","reading_inspection",FALSE,
"47290653","reading_inspection",FALSE,
"47290138","reading_inspection",FALSE,
"47300292","reading_inspection",FALSE,
"47292925","reading_inspection",FALSE,
"47290128","reading_inspection",FALSE,
"47293884","reading_inspection",FALSE,
"47290926","reading_inspection",FALSE,
"47290403","reading_inspection",FALSE,
"47290189","reading_inspection",FALSE,
"47290361","reading_inspection",FALSE,
"47293617","reading_inspection",FALSE,
"47292573","reading_inspection",FALSE,
"47293609","reading_inspection",FALSE,
"47292074","reading_inspection",FALSE,
"47290745","reading_inspection",FALSE,
"47291250","reading_inspection",FALSE,
"47298214","reading_inspection",FALSE,
"47291685","reading_inspection",TRUE,"reviewing the code"
"47297582","reading_inspection",TRUE,"review of raw code"
"47292753","reading_inspection",TRUE,"review of raw code"
"47293703","reading_inspection",FALSE,
"47290461","reading_inspection",FALSE,
"47296419","reading_inspection",FALSE,
"47295812","reading_inspection",FALSE,
"47290551","reading_inspection",FALSE,
"47295807","reading_inspection",FALSE,
"47290535","reading_inspection",FALSE,
"47290334","reading_inspection",FALSE,
"47290692","reading_inspection",FALSE,
"47299252","reading_inspection",FALSE,
"47293564","reading_inspection",FALSE,
"47290582","reading_inspection",FALSE,
"47295529","reading_inspection",FALSE,
"47416156","reading_inspection",FALSE,
"47415756","reading_inspection",TRUE,"code reviews"
"47418725","reading_inspection",FALSE,
"47416503","reading_inspection",FALSE,
"47415652","reading_inspection",FALSE,
"47416423","reading_inspection",TRUE,"reading any of the code"
"47416059","reading_inspection",FALSE,
"47416481","reading_inspection",FALSE,
"47417792","reading_inspection",TRUE,"read the code"
"47418127","reading_inspection",FALSE,
"47416001","reading_inspection",FALSE,
"47418662","reading_inspection",FALSE,
"47416748","reading_inspection",FALSE,
"47417879","reading_inspection",FALSE,
"47418625","reading_inspection",TRUE,"reviewing ai produced code"
"47419159","reading_inspection",FALSE,
"47415865","reading_inspection",TRUE,"review of the testing code"
"47420136","reading_inspection",FALSE,
"47418636","reading_inspection",FALSE,
"47416663","reading_inspection",FALSE,
"47417496","reading_inspection",FALSE,
"47418695","reading_inspection",FALSE,
"47417189","reading_inspection",FALSE,
"47416357","reading_inspection",FALSE,
"47416403","reading_inspection",FALSE,
"47417593","reading_inspection",FALSE,
"47419079","reading_inspection",FALSE,
"47420723","reading_inspection",FALSE,
"47419075","reading_inspection",FALSE,
"47422218","reading_inspection",FALSE,
"47416203","reading_inspection",FALSE,
"47420106","reading_inspection",FALSE,
"47420436","reading_inspection",FALSE,
"47419051","reading_inspection",FALSE,
"47418665","reading_inspection",FALSE,
"47416755","reading_inspection",FALSE,
"47418187","reading_inspection",FALSE,
"47416783","reading_inspection",FALSE,
"47418270","reading_inspection",FALSE,
"47416251","reading_inspection",FALSE,
"47420079","reading_inspection",FALSE,
"47422263","reading_inspection",FALSE,
"47418647","reading_inspection",TRUE,"review junior developers code"
"47416268","reading_inspection",FALSE,
"47416199","reading_inspection",FALSE,
"47421275","reading_inspection",FALSE,
"47420050","reading_inspection",FALSE,
"47420707","reading_inspection",FALSE,
"47419135","reading_inspection",FALSE,
"47420246","reading_inspection",FALSE,
"47416385","reading_inspection",FALSE,
"47417565","reading_inspection",FALSE,
"47416373","reading_inspection",FALSE,
"47417137","reading_inspection",FALSE,
"47440019","reading_inspection",FALSE,
"47418829","reading_inspection",FALSE,
"47420125","reading_inspection",FALSE,
"47420162","reading_inspection",FALSE,
"47420776","reading_inspection",FALSE,
"47417563","reading_inspection",FALSE,
"47416512","reading_inspection",FALSE,
"47416773","reading_inspection",FALSE,
"47417797","reading_inspection",FALSE,
"47418009","reading_inspection",FALSE,
"47418013","reading_inspection",FALSE,
"47419210","reading_inspection",TRUE,"code reviews"
"47427867","reading_inspection",FALSE,
"47422089","reading_inspection",FALSE,
"47417826","reading_inspection",FALSE,
"47416664","reading_inspection",FALSE,
"47417875","reading_inspection",FALSE,
"47416936","reading_inspection",FALSE,
"47416907","reading_inspection",FALSE,
"47418193","reading_inspection",FALSE,
"47418159","reading_inspection",FALSE,
"47418156","reading_inspection",FALSE,
"47419699","reading_inspection",FALSE,
"47418436","reading_inspection",FALSE,
"47419533","reading_inspection",FALSE,
"47422523","reading_inspection",FALSE,
"47422108","reading_inspection",FALSE,
"47418536","reading_inspection",FALSE,
"47422072","reading_inspection",FALSE,
"49431613","reading_inspection",FALSE,
"49438416","reading_inspection",FALSE,
"49326866","reading_inspection",FALSE,
"49353756","reading_inspection",FALSE,
"49340321","reading_inspection",FALSE,
"49335907","reading_inspection",TRUE,"code review"
"49351024","reading_inspection",FALSE,
"49328161","reading_inspection",FALSE,
"49326680","reading_inspection",TRUE,"code reviews"
"49330409","reading_inspection",FALSE,
"49431682","reading_inspection",FALSE,
"49378613","reading_inspection",FALSE,
"49391935","reading_inspection",FALSE,
"49378474","reading_inspection",FALSE,
"49388308","reading_inspection",FALSE,
"43861747","execution_testing",FALSE,
"43862272","execution_testing",TRUE,"tests"
"43862722","execution_testing",FALSE,
"43861461","execution_testing",FALSE,
"43861845","execution_testing",FALSE,
"43866255","execution_testing",FALSE,
"43861805","execution_testing",TRUE,"tests"
"43865180","execution_testing",FALSE,
"43869484","execution_testing",FALSE,
"43864090","execution_testing",TRUE,"test"
"43863518","execution_testing",FALSE,
"43866989","execution_testing",FALSE,
"43863052","execution_testing",FALSE,
"43867335","execution_testing",FALSE,
"43862196","execution_testing",FALSE,
"43874486","execution_testing",FALSE,
"43863440","execution_testing",FALSE,
"43862062","execution_testing",FALSE,
"43863177","execution_testing",FALSE,
"43866834","execution_testing",FALSE,
"43862283","execution_testing",FALSE,
"43870056","execution_testing",FALSE,
"43863147","execution_testing",FALSE,
"43864088","execution_testing",FALSE,
"43862212","execution_testing",FALSE,
"43868096","execution_testing",FALSE,
"43861988","execution_testing",FALSE,
"43862471","execution_testing",FALSE,
"43877121","execution_testing",FALSE,
"43877072","execution_testing",FALSE,
"43862230","execution_testing",TRUE,"tests"
"43862570","execution_testing",TRUE,"tests"
"43863986","execution_testing",TRUE,"tests"
"43864164","execution_testing",FALSE,
"43867172","execution_testing",FALSE,
"43863762","execution_testing",FALSE,
"43882803","execution_testing",FALSE,
"43863760","execution_testing",FALSE,
"43877003","execution_testing",FALSE,
"43867077","execution_testing",FALSE,
"43870372","execution_testing",FALSE,
"43867002","execution_testing",FALSE,
"43864292","execution_testing",FALSE,
"43864624","execution_testing",FALSE,
"43862226","execution_testing",FALSE,
"43862875","execution_testing",FALSE,
"43862197","execution_testing",FALSE,
"43864289","execution_testing",FALSE,
"43862532","execution_testing",FALSE,
"43878249","execution_testing",FALSE,
"43862311","execution_testing",TRUE,"tests"
"43868785","execution_testing",TRUE,"tests"
"43869060","execution_testing",TRUE,"tests"
"43865942","execution_testing",FALSE,
"43864296","execution_testing",FALSE,
"43867764","execution_testing",FALSE,
"43868939","execution_testing",FALSE,
"43872179","execution_testing",FALSE,
"43872063","execution_testing",FALSE,
"43864337","execution_testing",FALSE,
"43867474","execution_testing",FALSE,
"43863014","execution_testing",FALSE,
"43868646","execution_testing",FALSE,
"43863975","execution_testing",FALSE,
"43862796","execution_testing",FALSE,
"43865362","execution_testing",FALSE,
"43864261","execution_testing",FALSE,
"43862926","execution_testing",FALSE,
"43862914","execution_testing",TRUE,"tests"
"43877106","execution_testing",TRUE,"test"
"43864403","execution_testing",FALSE,
"43865065","execution_testing",FALSE,
"43870078","execution_testing",FALSE,
"43869395","execution_testing",FALSE,
"43864161","execution_testing",FALSE,
"43862940","execution_testing",FALSE,
"43862939","execution_testing",TRUE,"tested"
"43863144","execution_testing",FALSE,
"43864371","execution_testing",FALSE,
"43869024","execution_testing",FALSE,
"43863130","execution_testing",TRUE,"test"
"43863401","execution_testing",FALSE,
"43863222","execution_testing",FALSE,
"43863152","execution_testing",FALSE,
"47290195","execution_testing",TRUE,"tests"
"47289753","execution_testing",FALSE,
"47292915","execution_testing",FALSE,
"47290541","execution_testing",FALSE,
"47290064","execution_testing",FALSE,
"47289611","execution_testing",FALSE,
"47295857","execution_testing",TRUE,"test"
"47292836","execution_testing",FALSE,
"47292315","execution_testing",FALSE,
"47289837","execution_testing",FALSE,
"47290050","execution_testing",TRUE,"tests"
"47289922","execution_testing",TRUE,"tested"
"47290336","execution_testing",TRUE,"test"
"47297601","execution_testing",FALSE,
"47309375","execution_testing",TRUE,"tests"
"47290949","execution_testing",FALSE,
"47298568","execution_testing",FALSE,
"47290240","execution_testing",TRUE,"test"
"47289697","execution_testing",FALSE,
"47291184","execution_testing",FALSE,
"47292035","execution_testing",FALSE,
"47291922","execution_testing",FALSE,
"47289908","execution_testing",FALSE,
"47290414","execution_testing",TRUE,"tests"
"47291252","execution_testing",FALSE,
"47290511","execution_testing",FALSE,
"47290376","execution_testing",TRUE,"tests"
"47290249","execution_testing",TRUE,"tests"
"47290993","execution_testing",FALSE,
"47388846","execution_testing",FALSE,
"47291794","execution_testing",FALSE,
"47291283","execution_testing",FALSE,
"47290264","execution_testing",FALSE,
"47292581","execution_testing",FALSE,
"47290770","execution_testing",FALSE,
"47290485","execution_testing",FALSE,
"47290026","execution_testing",FALSE,
"47290390","execution_testing",FALSE,
"47294934","execution_testing",FALSE,
"47292624","execution_testing",FALSE,
"47290081","execution_testing",FALSE,
"47290452","execution_testing",FALSE,
"47290339","execution_testing",FALSE,
"47290312","execution_testing",FALSE,
"47290374","execution_testing",FALSE,
"47290351","execution_testing",FALSE,
"47292679","execution_testing",FALSE,
"47290150","execution_testing",FALSE,
"47290269","execution_testing",FALSE,
"47291898","execution_testing",FALSE,
"47290182","execution_testing",FALSE,
"47292553","execution_testing",TRUE,"tests"
"47290566","execution_testing",FALSE,
"47290934","execution_testing",TRUE,"tests"
"47292072","execution_testing",FALSE,
"47292583","execution_testing",FALSE,
"47291409","execution_testing",FALSE,
"47292368","execution_testing",FALSE,
"47293593","execution_testing",FALSE,
"47290423","execution_testing",FALSE,
"47293190","execution_testing",FALSE,
"47290387","execution_testing",FALSE,
"47290464","execution_testing",FALSE,
"47290653","execution_testing",FALSE,
"47290138","execution_testing",FALSE,
"47300292","execution_testing",FALSE,
"47292925","execution_testing",TRUE,"test"
"47290128","execution_testing",FALSE,
"47293884","execution_testing",FALSE,
"47290926","execution_testing",FALSE,
"47290403","execution_testing",FALSE,
"47290189","execution_testing",FALSE,
"47290361","execution_testing",FALSE,
"47293617","execution_testing",TRUE,"test"
"47292573","execution_testing",TRUE,"tests"
"47293609","execution_testing",TRUE,"testing"
"47292074","execution_testing",FALSE,
"47290745","execution_testing",FALSE,
"47291250","execution_testing",TRUE,"test"
"47298214","execution_testing",FALSE,
"47291685","execution_testing",FALSE,
"47297582","execution_testing",FALSE,
"47292753","execution_testing",FALSE,
"47293703","execution_testing",FALSE,
"47290461","execution_testing",FALSE,
"47296419","execution_testing",FALSE,
"47295812","execution_testing",FALSE,
"47290551","execution_testing",FALSE,
"47295807","execution_testing",FALSE,
"47290535","execution_testing",FALSE,
"47290334","execution_testing",FALSE,
"47290692","execution_testing",FALSE,
"47299252","execution_testing",FALSE,
"47293564","execution_testing",FALSE,
"47290582","execution_testing",FALSE,
"47295529","execution_testing",FALSE,
"47416156","execution_testing",TRUE,"testing"
"47415756","execution_testing",FALSE,
"47418725","execution_testing",TRUE,"testing"
"47416503","execution_testing",TRUE,"tests"
"47415652","execution_testing",TRUE,"testing"
"47416423","execution_testing",FALSE,
"47416059","execution_testing",FALSE,
"47416481","execution_testing",FALSE,
"47417792","execution_testing",TRUE,"tests"
"47418127","execution_testing",TRUE,"testing"
"47416001","execution_testing",FALSE,
"47418662","execution_testing",TRUE,"tests"
"47416748","execution_testing",FALSE,
"47417879","execution_testing",FALSE,
"47418625","execution_testing",TRUE,"testing"
"47419159","execution_testing",FALSE,
"47415865","execution_testing",TRUE,"testing"
"47420136","execution_testing",TRUE,"test"
"47418636","execution_testing",TRUE,"testing"
"47416663","execution_testing",FALSE,
"47417496","execution_testing",TRUE,"running code"
"47418695","execution_testing",FALSE,
"47417189","execution_testing",TRUE,"test"
"47416357","execution_testing",FALSE,
"47416403","execution_testing",TRUE,"tests"
"47417593","execution_testing",TRUE,"test"
"47419079","execution_testing",FALSE,
"47420723","execution_testing",TRUE,"tested"
"47419075","execution_testing",TRUE,"tests"
"47422218","execution_testing",FALSE,
"47416203","execution_testing",TRUE,"benchmark"
"47420106","execution_testing",FALSE,
"47420436","execution_testing",TRUE,"tests"
"47419051","execution_testing",FALSE,
"47418665","execution_testing",TRUE,"run the code"
"47416755","execution_testing",FALSE,
"47418187","execution_testing",FALSE,
"47416783","execution_testing",FALSE,
"47418270","execution_testing",FALSE,
"47416251","execution_testing",TRUE,"test"
"47420079","execution_testing",TRUE,"tests"
"47422263","execution_testing",FALSE,
"47418647","execution_testing",FALSE,
"47416268","execution_testing",TRUE,"test"
"47416199","execution_testing",TRUE,"testing"
"47421275","execution_testing",TRUE,"test"
"47420050","execution_testing",TRUE,"test"
"47420707","execution_testing",FALSE,
"47419135","execution_testing",FALSE,
"47420246","execution_testing",TRUE,"test"
"47416385","execution_testing",FALSE,
"47417565","execution_testing",FALSE,
"47416373","execution_testing",FALSE,
"47417137","execution_testing",FALSE,
"47440019","execution_testing",FALSE,
"47418829","execution_testing",TRUE,"testing"
"47420125","execution_testing",TRUE,"tests"
"47420162","execution_testing",FALSE,
"47420776","execution_testing",TRUE,"tests"
"47417563","execution_testing",FALSE,
"47416512","execution_testing",FALSE,
"47416773","execution_testing",FALSE,
"47417797","execution_testing",FALSE,
"47418009","execution_testing",FALSE,
"47418013","execution_testing",FALSE,
"47419210","execution_testing",FALSE,
"47427867","execution_testing",TRUE,"tests"
"47422089","execution_testing",FALSE,
"47417826","execution_testing",FALSE,
"47416664","execution_testing",FALSE,
"47417875","execution_testing",FALSE,
"47416936","execution_testing",FALSE,
"47416907","execution_testing",FALSE,
"47418193","execution_testing",FALSE,
"47418159","execution_testing",FALSE,
"47418156","execution_testing",FALSE,
"47419699","execution_testing",FALSE,
"47418436","execution_testing",FALSE,
"47419533","execution_testing",FALSE,
"47422523","execution_testing",FALSE,
"47422108","execution_testing",FALSE,
"47418536","execution_testing",FALSE,
"47422072","execution_testing",FALSE,
"49431613","execution_testing",FALSE,
"49438416","execution_testing",FALSE,
"49326866","execution_testing",TRUE,"tests"
"49353756","execution_testing",FALSE,
"49340321","execution_testing",FALSE,
"49335907","execution_testing",FALSE,
"49351024","execution_testing",TRUE,"tests"
"49328161","execution_testing",FALSE,
"49326680","execution_testing",FALSE,
"49330409","execution_testing",FALSE,
"49431682","execution_testing",FALSE,
"49378613","execution_testing",TRUE,"test"
"49391935","execution_testing",TRUE,"tests"
"49378474","execution_testing",FALSE,
"49388308","execution_testing",FALSE,
"43861747","static_type",FALSE,
"43862272","static_type",FALSE,
"43862722","static_type",FALSE,
"43861461","static_type",FALSE,
"43861845","static_type",FALSE,
"43866255","static_type",FALSE,
"43861805","static_type",FALSE,
"43865180","static_type",FALSE,
"43869484","static_type",FALSE,
"43864090","static_type",FALSE,
"43863518","static_type",FALSE,
"43866989","static_type",TRUE,"linters"
"43863052","static_type",FALSE,
"43867335","static_type",FALSE,
"43862196","static_type",FALSE,
"43874486","static_type",FALSE,
"43863440","static_type",FALSE,
"43862062","static_type",FALSE,
"43863177","static_type",FALSE,
"43866834","static_type",FALSE,
"43862283","static_type",FALSE,
"43870056","static_type",FALSE,
"43863147","static_type",FALSE,
"43864088","static_type",FALSE,
"43862212","static_type",FALSE,
"43868096","static_type",FALSE,
"43861988","static_type",FALSE,
"43862471","static_type",FALSE,
"43877121","static_type",FALSE,
"43877072","static_type",FALSE,
"43862230","static_type",FALSE,
"43862570","static_type",FALSE,
"43863986","static_type",FALSE,
"43864164","static_type",FALSE,
"43867172","static_type",FALSE,
"43863762","static_type",FALSE,
"43882803","static_type",FALSE,
"43863760","static_type",FALSE,
"43877003","static_type",FALSE,
"43867077","static_type",FALSE,
"43870372","static_type",FALSE,
"43867002","static_type",FALSE,
"43864292","static_type",FALSE,
"43864624","static_type",FALSE,
"43862226","static_type",FALSE,
"43862875","static_type",FALSE,
"43862197","static_type",FALSE,
"43864289","static_type",FALSE,
"43862532","static_type",FALSE,
"43878249","static_type",FALSE,
"43862311","static_type",FALSE,
"43868785","static_type",FALSE,
"43869060","static_type",FALSE,
"43865942","static_type",FALSE,
"43864296","static_type",FALSE,
"43867764","static_type",FALSE,
"43868939","static_type",FALSE,
"43872179","static_type",FALSE,
"43872063","static_type",FALSE,
"43864337","static_type",FALSE,
"43867474","static_type",FALSE,
"43863014","static_type",FALSE,
"43868646","static_type",FALSE,
"43863975","static_type",FALSE,
"43862796","static_type",FALSE,
"43865362","static_type",FALSE,
"43864261","static_type",FALSE,
"43862926","static_type",FALSE,
"43862914","static_type",FALSE,
"43877106","static_type",FALSE,
"43864403","static_type",FALSE,
"43865065","static_type",FALSE,
"43870078","static_type",FALSE,
"43869395","static_type",FALSE,
"43864161","static_type",FALSE,
"43862940","static_type",FALSE,
"43862939","static_type",FALSE,
"43863144","static_type",FALSE,
"43864371","static_type",FALSE,
"43869024","static_type",FALSE,
"43863130","static_type",FALSE,
"43863401","static_type",FALSE,
"43863222","static_type",FALSE,
"43863152","static_type",FALSE,
"47290195","static_type",TRUE,"linters"
"47289753","static_type",FALSE,
"47292915","static_type",FALSE,
"47290541","static_type",FALSE,
"47290064","static_type",FALSE,
"47289611","static_type",FALSE,
"47295857","static_type",FALSE,
"47292836","static_type",FALSE,
"47292315","static_type",FALSE,
"47289837","static_type",FALSE,
"47290050","static_type",FALSE,
"47289922","static_type",FALSE,
"47290336","static_type",FALSE,
"47297601","static_type",FALSE,
"47309375","static_type",TRUE,"linters"
"47290949","static_type",FALSE,
"47298568","static_type",FALSE,
"47290240","static_type",FALSE,
"47289697","static_type",FALSE,
"47291184","static_type",FALSE,
"47292035","static_type",FALSE,
"47291922","static_type",FALSE,
"47289908","static_type",FALSE,
"47290414","static_type",FALSE,
"47291252","static_type",FALSE,
"47290511","static_type",FALSE,
"47290376","static_type",FALSE,
"47290249","static_type",TRUE,"linters"
"47290993","static_type",FALSE,
"47388846","static_type",FALSE,
"47291794","static_type",FALSE,
"47291283","static_type",FALSE,
"47290264","static_type",FALSE,
"47292581","static_type",FALSE,
"47290770","static_type",FALSE,
"47290485","static_type",FALSE,
"47290026","static_type",FALSE,
"47290390","static_type",FALSE,
"47294934","static_type",FALSE,
"47292624","static_type",FALSE,
"47290081","static_type",FALSE,
"47290452","static_type",FALSE,
"47290339","static_type",FALSE,
"47290312","static_type",FALSE,
"47290374","static_type",FALSE,
"47290351","static_type",FALSE,
"47292679","static_type",FALSE,
"47290150","static_type",FALSE,
"47290269","static_type",FALSE,
"47291898","static_type",FALSE,
"47290182","static_type",FALSE,
"47292553","static_type",FALSE,
"47290566","static_type",FALSE,
"47290934","static_type",FALSE,
"47292072","static_type",FALSE,
"47292583","static_type",FALSE,
"47291409","static_type",FALSE,
"47292368","static_type",FALSE,
"47293593","static_type",FALSE,
"47290423","static_type",FALSE,
"47293190","static_type",FALSE,
"47290387","static_type",FALSE,
"47290464","static_type",FALSE,
"47290653","static_type",FALSE,
"47290138","static_type",FALSE,
"47300292","static_type",FALSE,
"47292925","static_type",FALSE,
"47290128","static_type",FALSE,
"47293884","static_type",FALSE,
"47290926","static_type",FALSE,
"47290403","static_type",FALSE,
"47290189","static_type",FALSE,
"47290361","static_type",FALSE,
"47293617","static_type",FALSE,
"47292573","static_type",FALSE,
"47293609","static_type",FALSE,
"47292074","static_type",FALSE,
"47290745","static_type",FALSE,
"47291250","static_type",FALSE,
"47298214","static_type",FALSE,
"47291685","static_type",FALSE,
"47297582","static_type",FALSE,
"47292753","static_type",FALSE,
"47293703","static_type",FALSE,
"47290461","static_type",FALSE,
"47296419","static_type",FALSE,
"47295812","static_type",FALSE,
"47290551","static_type",FALSE,
"47295807","static_type",FALSE,
"47290535","static_type",FALSE,
"47290334","static_type",FALSE,
"47290692","static_type",FALSE,
"47299252","static_type",FALSE,
"47293564","static_type",FALSE,
"47290582","static_type",FALSE,
"47295529","static_type",FALSE,
"47416156","static_type",FALSE,
"47415756","static_type",FALSE,
"47418725","static_type",FALSE,
"47416503","static_type",FALSE,
"47415652","static_type",FALSE,
"47416423","static_type",FALSE,
"47416059","static_type",FALSE,
"47416481","static_type",FALSE,
"47417792","static_type",FALSE,
"47418127","static_type",FALSE,
"47416001","static_type",FALSE,
"47418662","static_type",FALSE,
"47416748","static_type",FALSE,
"47417879","static_type",FALSE,
"47418625","static_type",TRUE,"linting"
"47419159","static_type",FALSE,
"47415865","static_type",FALSE,
"47420136","static_type",FALSE,
"47418636","static_type",FALSE,
"47416663","static_type",FALSE,
"47417496","static_type",FALSE,
"47418695","static_type",FALSE,
"47417189","static_type",FALSE,
"47416357","static_type",FALSE,
"47416403","static_type",FALSE,
"47417593","static_type",FALSE,
"47419079","static_type",FALSE,
"47420723","static_type",FALSE,
"47419075","static_type",FALSE,
"47422218","static_type",FALSE,
"47416203","static_type",FALSE,
"47420106","static_type",FALSE,
"47420436","static_type",FALSE,
"47419051","static_type",FALSE,
"47418665","static_type",FALSE,
"47416755","static_type",FALSE,
"47418187","static_type",FALSE,
"47416783","static_type",FALSE,
"47418270","static_type",FALSE,
"47416251","static_type",FALSE,
"47420079","static_type",FALSE,
"47422263","static_type",FALSE,
"47418647","static_type",FALSE,
"47416268","static_type",FALSE,
"47416199","static_type",FALSE,
"47421275","static_type",FALSE,
"47420050","static_type",FALSE,
"47420707","static_type",FALSE,
"47419135","static_type",FALSE,
"47420246","static_type",FALSE,
"47416385","static_type",FALSE,
"47417565","static_type",FALSE,
"47416373","static_type",FALSE,
"47417137","static_type",FALSE,
"47440019","static_type",FALSE,
"47418829","static_type",TRUE,"linting"
"47420125","static_type",FALSE,
"47420162","static_type",FALSE,
"47420776","static_type",FALSE,
"47417563","static_type",FALSE,
"47416512","static_type",FALSE,
"47416773","static_type",FALSE,
"47417797","static_type",FALSE,
"47418009","static_type",FALSE,
"47418013","static_type",FALSE,
"47419210","static_type",FALSE,
"47427867","static_type",FALSE,
"47422089","static_type",FALSE,
"47417826","static_type",FALSE,
"47416664","static_type",FALSE,
"47417875","static_type",FALSE,
"47416936","static_type",FALSE,
"47416907","static_type",FALSE,
"47418193","static_type",FALSE,
"47418159","static_type",FALSE,
"47418156","static_type",FALSE,
"47419699","static_type",FALSE,
"47418436","static_type",FALSE,
"47419533","static_type",FALSE,
"47422523","static_type",FALSE,
"47422108","static_type",FALSE,
"47418536","static_type",FALSE,
"47422072","static_type",FALSE,
"49431613","static_type",FALSE,
"49438416","static_type",FALSE,
"49326866","static_type",TRUE,"static analysis"
"49353756","static_type",FALSE,
"49340321","static_type",FALSE,
"49335907","static_type",FALSE,
"49351024","static_type",FALSE,
"49328161","static_type",FALSE,
"49326680","static_type",FALSE,
"49330409","static_type",FALSE,
"49431682","static_type",FALSE,
"49378613","static_type",FALSE,
"49391935","static_type",FALSE,
"49378474","static_type",FALSE,
"49388308","static_type",FALSE,
"43861747","formal_verification",FALSE,
"43862272","formal_verification",FALSE,
"43862722","formal_verification",FALSE,
"43861461","formal_verification",FALSE,
"43861845","formal_verification",FALSE,
"43866255","formal_verification",FALSE,
"43861805","formal_verification",FALSE,
"43865180","formal_verification",FALSE,
"43869484","formal_verification",FALSE,
"43864090","formal_verification",FALSE,
"43863518","formal_verification",FALSE,
"43866989","formal_verification",FALSE,
"43863052","formal_verification",FALSE,
"43867335","formal_verification",FALSE,
"43862196","formal_verification",FALSE,
"43874486","formal_verification",FALSE,
"43863440","formal_verification",FALSE,
"43862062","formal_verification",FALSE,
"43863177","formal_verification",FALSE,
"43866834","formal_verification",FALSE,
"43862283","formal_verification",FALSE,
"43870056","formal_verification",FALSE,
"43863147","formal_verification",FALSE,
"43864088","formal_verification",FALSE,
"43862212","formal_verification",FALSE,
"43868096","formal_verification",FALSE,
"43861988","formal_verification",FALSE,
"43862471","formal_verification",FALSE,
"43877121","formal_verification",FALSE,
"43877072","formal_verification",FALSE,
"43862230","formal_verification",FALSE,
"43862570","formal_verification",FALSE,
"43863986","formal_verification",FALSE,
"43864164","formal_verification",FALSE,
"43867172","formal_verification",FALSE,
"43863762","formal_verification",FALSE,
"43882803","formal_verification",FALSE,
"43863760","formal_verification",FALSE,
"43877003","formal_verification",FALSE,
"43867077","formal_verification",FALSE,
"43870372","formal_verification",FALSE,
"43867002","formal_verification",FALSE,
"43864292","formal_verification",FALSE,
"43864624","formal_verification",FALSE,
"43862226","formal_verification",FALSE,
"43862875","formal_verification",FALSE,
"43862197","formal_verification",FALSE,
"43864289","formal_verification",FALSE,
"43862532","formal_verification",FALSE,
"43878249","formal_verification",FALSE,
"43862311","formal_verification",FALSE,
"43868785","formal_verification",FALSE,
"43869060","formal_verification",FALSE,
"43865942","formal_verification",FALSE,
"43864296","formal_verification",FALSE,
"43867764","formal_verification",FALSE,
"43868939","formal_verification",FALSE,
"43872179","formal_verification",FALSE,
"43872063","formal_verification",FALSE,
"43864337","formal_verification",FALSE,
"43867474","formal_verification",FALSE,
"43863014","formal_verification",FALSE,
"43868646","formal_verification",FALSE,
"43863975","formal_verification",FALSE,
"43862796","formal_verification",FALSE,
"43865362","formal_verification",FALSE,
"43864261","formal_verification",FALSE,
"43862926","formal_verification",FALSE,
"43862914","formal_verification",FALSE,
"43877106","formal_verification",FALSE,
"43864403","formal_verification",FALSE,
"43865065","formal_verification",FALSE,
"43870078","formal_verification",FALSE,
"43869395","formal_verification",FALSE,
"43864161","formal_verification",FALSE,
"43862940","formal_verification",FALSE,
"43862939","formal_verification",FALSE,
"43863144","formal_verification",FALSE,
"43864371","formal_verification",FALSE,
"43869024","formal_verification",FALSE,
"43863130","formal_verification",FALSE,
"43863401","formal_verification",FALSE,
"43863222","formal_verification",FALSE,
"43863152","formal_verification",FALSE,
"47290195","formal_verification",FALSE,
"47289753","formal_verification",FALSE,
"47292915","formal_verification",FALSE,
"47290541","formal_verification",FALSE,
"47290064","formal_verification",FALSE,
"47289611","formal_verification",FALSE,
"47295857","formal_verification",FALSE,
"47292836","formal_verification",FALSE,
"47292315","formal_verification",FALSE,
"47289837","formal_verification",FALSE,
"47290050","formal_verification",FALSE,
"47289922","formal_verification",FALSE,
"47290336","formal_verification",FALSE,
"47297601","formal_verification",FALSE,
"47309375","formal_verification",FALSE,
"47290949","formal_verification",FALSE,
"47298568","formal_verification",FALSE,
"47290240","formal_verification",FALSE,
"47289697","formal_verification",FALSE,
"47291184","formal_verification",FALSE,
"47292035","formal_verification",FALSE,
"47291922","formal_verification",FALSE,
"47289908","formal_verification",FALSE,
"47290414","formal_verification",FALSE,
"47291252","formal_verification",FALSE,
"47290511","formal_verification",FALSE,
"47290376","formal_verification",FALSE,
"47290249","formal_verification",FALSE,
"47290993","formal_verification",FALSE,
"47388846","formal_verification",FALSE,
"47291794","formal_verification",FALSE,
"47291283","formal_verification",FALSE,
"47290264","formal_verification",FALSE,
"47292581","formal_verification",FALSE,
"47290770","formal_verification",FALSE,
"47290485","formal_verification",FALSE,
"47290026","formal_verification",FALSE,
"47290390","formal_verification",FALSE,
"47294934","formal_verification",FALSE,
"47292624","formal_verification",FALSE,
"47290081","formal_verification",FALSE,
"47290452","formal_verification",FALSE,
"47290339","formal_verification",FALSE,
"47290312","formal_verification",FALSE,
"47290374","formal_verification",FALSE,
"47290351","formal_verification",FALSE,
"47292679","formal_verification",FALSE,
"47290150","formal_verification",FALSE,
"47290269","formal_verification",FALSE,
"47291898","formal_verification",FALSE,
"47290182","formal_verification",FALSE,
"47292553","formal_verification",FALSE,
"47290566","formal_verification",FALSE,
"47290934","formal_verification",TRUE,"formal verification"
"47292072","formal_verification",FALSE,
"47292583","formal_verification",FALSE,
"47291409","formal_verification",FALSE,
"47292368","formal_verification",FALSE,
"47293593","formal_verification",FALSE,
"47290423","formal_verification",FALSE,
"47293190","formal_verification",FALSE,
"47290387","formal_verification",FALSE,
"47290464","formal_verification",FALSE,
"47290653","formal_verification",FALSE,
"47290138","formal_verification",FALSE,
"47300292","formal_verification",FALSE,
"47292925","formal_verification",FALSE,
"47290128","formal_verification",FALSE,
"47293884","formal_verification",FALSE,
"47290926","formal_verification",FALSE,
"47290403","formal_verification",FALSE,
"47290189","formal_verification",FALSE,
"47290361","formal_verification",FALSE,
"47293617","formal_verification",FALSE,
"47292573","formal_verification",FALSE,
"47293609","formal_verification",FALSE,
"47292074","formal_verification",FALSE,
"47290745","formal_verification",FALSE,
"47291250","formal_verification",FALSE,
"47298214","formal_verification",FALSE,
"47291685","formal_verification",FALSE,
"47297582","formal_verification",FALSE,
"47292753","formal_verification",FALSE,
"47293703","formal_verification",FALSE,
"47290461","formal_verification",FALSE,
"47296419","formal_verification",FALSE,
"47295812","formal_verification",FALSE,
"47290551","formal_verification",FALSE,
"47295807","formal_verification",FALSE,
"47290535","formal_verification",FALSE,
"47290334","formal_verification",FALSE,
"47290692","formal_verification",FALSE,
"47299252","formal_verification",FALSE,
"47293564","formal_verification",FALSE,
"47290582","formal_verification",FALSE,
"47295529","formal_verification",FALSE,
"47416156","formal_verification",FALSE,
"47415756","formal_verification",FALSE,
"47418725","formal_verification",FALSE,
"47416503","formal_verification",FALSE,
"47415652","formal_verification",FALSE,
"47416423","formal_verification",FALSE,
"47416059","formal_verification",FALSE,
"47416481","formal_verification",FALSE,
"47417792","formal_verification",FALSE,
"47418127","formal_verification",FALSE,
"47416001","formal_verification",FALSE,
"47418662","formal_verification",FALSE,
"47416748","formal_verification",FALSE,
"47417879","formal_verification",FALSE,
"47418625","formal_verification",FALSE,
"47419159","formal_verification",FALSE,
"47415865","formal_verification",FALSE,
"47420136","formal_verification",FALSE,
"47418636","formal_verification",FALSE,
"47416663","formal_verification",FALSE,
"47417496","formal_verification",FALSE,
"47418695","formal_verification",FALSE,
"47417189","formal_verification",TRUE,"formal methods"
"47416357","formal_verification",FALSE,
"47416403","formal_verification",FALSE,
"47417593","formal_verification",FALSE,
"47419079","formal_verification",FALSE,
"47420723","formal_verification",FALSE,
"47419075","formal_verification",FALSE,
"47422218","formal_verification",FALSE,
"47416203","formal_verification",FALSE,
"47420106","formal_verification",FALSE,
"47420436","formal_verification",FALSE,
"47419051","formal_verification",FALSE,
"47418665","formal_verification",FALSE,
"47416755","formal_verification",FALSE,
"47418187","formal_verification",FALSE,
"47416783","formal_verification",FALSE,
"47418270","formal_verification",FALSE,
"47416251","formal_verification",FALSE,
"47420079","formal_verification",FALSE,
"47422263","formal_verification",FALSE,
"47418647","formal_verification",FALSE,
"47416268","formal_verification",FALSE,
"47416199","formal_verification",FALSE,
"47421275","formal_verification",FALSE,
"47420050","formal_verification",FALSE,
"47420707","formal_verification",FALSE,
"47419135","formal_verification",FALSE,
"47420246","formal_verification",FALSE,
"47416385","formal_verification",FALSE,
"47417565","formal_verification",FALSE,
"47416373","formal_verification",FALSE,
"47417137","formal_verification",FALSE,
"47440019","formal_verification",FALSE,
"47418829","formal_verification",FALSE,
"47420125","formal_verification",FALSE,
"47420162","formal_verification",FALSE,
"47420776","formal_verification",FALSE,
"47417563","formal_verification",FALSE,
"47416512","formal_verification",FALSE,
"47416773","formal_verification",FALSE,
"47417797","formal_verification",FALSE,
"47418009","formal_verification",FALSE,
"47418013","formal_verification",FALSE,
"47419210","formal_verification",FALSE,
"47427867","formal_verification",FALSE,
"47422089","formal_verification",FALSE,
"47417826","formal_verification",FALSE,
"47416664","formal_verification",FALSE,
"47417875","formal_verification",FALSE,
"47416936","formal_verification",FALSE,
"47416907","formal_verification",FALSE,
"47418193","formal_verification",FALSE,
"47418159","formal_verification",FALSE,
"47418156","formal_verification",FALSE,
"47419699","formal_verification",FALSE,
"47418436","formal_verification",FALSE,
"47419533","formal_verification",FALSE,
"47422523","formal_verification",FALSE,
"47422108","formal_verification",FALSE,
"47418536","formal_verification",FALSE,
"47422072","formal_verification",FALSE,
"49431613","formal_verification",FALSE,
"49438416","formal_verification",FALSE,
"49326866","formal_verification",FALSE,
"49353756","formal_verification",FALSE,
"49340321","formal_verification",FALSE,
"49335907","formal_verification",FALSE,
"49351024","formal_verification",FALSE,
"49328161","formal_verification",FALSE,
"49326680","formal_verification",FALSE,
"49330409","formal_verification",FALSE,
"49431682","formal_verification",FALSE,
"49378613","formal_verification",FALSE,
"49391935","formal_verification",FALSE,
"49378474","formal_verification",FALSE,
"49388308","formal_verification",FALSE,
"43861747","responsibility_ownership",FALSE,
"43862272","responsibility_ownership",TRUE,"own code"
"43862722","responsibility_ownership",TRUE,"responsible"
"43861461","responsibility_ownership",FALSE,
"43861845","responsibility_ownership",TRUE,"responsibility"
"43866255","responsibility_ownership",FALSE,
"43861805","responsibility_ownership",FALSE,
"43865180","responsibility_ownership",FALSE,
"43869484","responsibility_ownership",FALSE,
"43864090","responsibility_ownership",FALSE,
"43863518","responsibility_ownership",FALSE,
"43866989","responsibility_ownership",FALSE,
"43863052","responsibility_ownership",TRUE,"own code"
"43867335","responsibility_ownership",TRUE,"own code"
"43862196","responsibility_ownership",TRUE,"own code"
"43874486","responsibility_ownership",FALSE,
"43863440","responsibility_ownership",FALSE,
"43862062","responsibility_ownership",FALSE,
"43863177","responsibility_ownership",FALSE,
"43866834","responsibility_ownership",TRUE,"responsible"
"43862283","responsibility_ownership",FALSE,
"43870056","responsibility_ownership",FALSE,
"43863147","responsibility_ownership",FALSE,
"43864088","responsibility_ownership",FALSE,
"43862212","responsibility_ownership",FALSE,
"43868096","responsibility_ownership",FALSE,
"43861988","responsibility_ownership",FALSE,
"43862471","responsibility_ownership",TRUE,"responsibility"
"43877121","responsibility_ownership",FALSE,
"43877072","responsibility_ownership",FALSE,
"43862230","responsibility_ownership",FALSE,
"43862570","responsibility_ownership",FALSE,
"43863986","responsibility_ownership",FALSE,
"43864164","responsibility_ownership",FALSE,
"43867172","responsibility_ownership",FALSE,
"43863762","responsibility_ownership",TRUE,"own code"
"43882803","responsibility_ownership",FALSE,
"43863760","responsibility_ownership",FALSE,
"43877003","responsibility_ownership",FALSE,
"43867077","responsibility_ownership",TRUE,"responsible"
"43870372","responsibility_ownership",FALSE,
"43867002","responsibility_ownership",FALSE,
"43864292","responsibility_ownership",FALSE,
"43864624","responsibility_ownership",TRUE,"accountability"
"43862226","responsibility_ownership",TRUE,"responsible"
"43862875","responsibility_ownership",FALSE,
"43862197","responsibility_ownership",FALSE,
"43864289","responsibility_ownership",FALSE,
"43862532","responsibility_ownership",FALSE,
"43878249","responsibility_ownership",FALSE,
"43862311","responsibility_ownership",FALSE,
"43868785","responsibility_ownership",FALSE,
"43869060","responsibility_ownership",FALSE,
"43865942","responsibility_ownership",FALSE,
"43864296","responsibility_ownership",FALSE,
"43867764","responsibility_ownership",FALSE,
"43868939","responsibility_ownership",FALSE,
"43872179","responsibility_ownership",FALSE,
"43872063","responsibility_ownership",FALSE,
"43864337","responsibility_ownership",FALSE,
"43867474","responsibility_ownership",FALSE,
"43863014","responsibility_ownership",FALSE,
"43868646","responsibility_ownership",FALSE,
"43863975","responsibility_ownership",FALSE,
"43862796","responsibility_ownership",FALSE,
"43865362","responsibility_ownership",FALSE,
"43864261","responsibility_ownership",FALSE,
"43862926","responsibility_ownership",FALSE,
"43862914","responsibility_ownership",FALSE,
"43877106","responsibility_ownership",FALSE,
"43864403","responsibility_ownership",FALSE,
"43865065","responsibility_ownership",FALSE,
"43870078","responsibility_ownership",TRUE,"responsibility"
"43869395","responsibility_ownership",FALSE,
"43864161","responsibility_ownership",FALSE,
"43862940","responsibility_ownership",FALSE,
"43862939","responsibility_ownership",FALSE,
"43863144","responsibility_ownership",TRUE,"responsible"
"43864371","responsibility_ownership",FALSE,
"43869024","responsibility_ownership",FALSE,
"43863130","responsibility_ownership",FALSE,
"43863401","responsibility_ownership",FALSE,
"43863222","responsibility_ownership",FALSE,
"43863152","responsibility_ownership",FALSE,
"47290195","responsibility_ownership",FALSE,
"47289753","responsibility_ownership",TRUE,"responsibilities"
"47292915","responsibility_ownership",TRUE,"responsibility"
"47290541","responsibility_ownership",TRUE,"responsible"
"47290064","responsibility_ownership",FALSE,
"47289611","responsibility_ownership",FALSE,
"47295857","responsibility_ownership",FALSE,
"47292836","responsibility_ownership",TRUE,"responsibility"
"47292315","responsibility_ownership",FALSE,
"47289837","responsibility_ownership",FALSE,
"47290050","responsibility_ownership",FALSE,
"47289922","responsibility_ownership",FALSE,
"47290336","responsibility_ownership",FALSE,
"47297601","responsibility_ownership",FALSE,
"47309375","responsibility_ownership",FALSE,
"47290949","responsibility_ownership",FALSE,
"47298568","responsibility_ownership",TRUE,"accountable"
"47290240","responsibility_ownership",FALSE,
"47289697","responsibility_ownership",FALSE,
"47291184","responsibility_ownership",TRUE,"liability"
"47292035","responsibility_ownership",FALSE,
"47291922","responsibility_ownership",FALSE,
"47289908","responsibility_ownership",FALSE,
"47290414","responsibility_ownership",FALSE,
"47291252","responsibility_ownership",FALSE,
"47290511","responsibility_ownership",FALSE,
"47290376","responsibility_ownership",FALSE,
"47290249","responsibility_ownership",FALSE,
"47290993","responsibility_ownership",FALSE,
"47388846","responsibility_ownership",FALSE,
"47291794","responsibility_ownership",FALSE,
"47291283","responsibility_ownership",FALSE,
"47290264","responsibility_ownership",FALSE,
"47292581","responsibility_ownership",FALSE,
"47290770","responsibility_ownership",FALSE,
"47290485","responsibility_ownership",FALSE,
"47290026","responsibility_ownership",FALSE,
"47290390","responsibility_ownership",FALSE,
"47294934","responsibility_ownership",FALSE,
"47292624","responsibility_ownership",FALSE,
"47290081","responsibility_ownership",FALSE,
"47290452","responsibility_ownership",FALSE,
"47290339","responsibility_ownership",FALSE,
"47290312","responsibility_ownership",FALSE,
"47290374","responsibility_ownership",FALSE,
"47290351","responsibility_ownership",FALSE,
"47292679","responsibility_ownership",FALSE,
"47290150","responsibility_ownership",FALSE,
"47290269","responsibility_ownership",FALSE,
"47291898","responsibility_ownership",FALSE,
"47290182","responsibility_ownership",FALSE,
"47292553","responsibility_ownership",FALSE,
"47290566","responsibility_ownership",FALSE,
"47290934","responsibility_ownership",FALSE,
"47292072","responsibility_ownership",FALSE,
"47292583","responsibility_ownership",FALSE,
"47291409","responsibility_ownership",FALSE,
"47292368","responsibility_ownership",FALSE,
"47293593","responsibility_ownership",FALSE,
"47290423","responsibility_ownership",FALSE,
"47293190","responsibility_ownership",FALSE,
"47290387","responsibility_ownership",FALSE,
"47290464","responsibility_ownership",FALSE,
"47290653","responsibility_ownership",FALSE,
"47290138","responsibility_ownership",FALSE,
"47300292","responsibility_ownership",FALSE,
"47292925","responsibility_ownership",FALSE,
"47290128","responsibility_ownership",FALSE,
"47293884","responsibility_ownership",FALSE,
"47290926","responsibility_ownership",FALSE,
"47290403","responsibility_ownership",FALSE,
"47290189","responsibility_ownership",FALSE,
"47290361","responsibility_ownership",FALSE,
"47293617","responsibility_ownership",FALSE,
"47292573","responsibility_ownership",FALSE,
"47293609","responsibility_ownership",FALSE,
"47292074","responsibility_ownership",FALSE,
"47290745","responsibility_ownership",FALSE,
"47291250","responsibility_ownership",FALSE,
"47298214","responsibility_ownership",FALSE,
"47291685","responsibility_ownership",TRUE,"responsibility"
"47297582","responsibility_ownership",FALSE,
"47292753","responsibility_ownership",FALSE,
"47293703","responsibility_ownership",FALSE,
"47290461","responsibility_ownership",FALSE,
"47296419","responsibility_ownership",FALSE,
"47295812","responsibility_ownership",FALSE,
"47290551","responsibility_ownership",FALSE,
"47295807","responsibility_ownership",FALSE,
"47290535","responsibility_ownership",FALSE,
"47290334","responsibility_ownership",FALSE,
"47290692","responsibility_ownership",FALSE,
"47299252","responsibility_ownership",FALSE,
"47293564","responsibility_ownership",FALSE,
"47290582","responsibility_ownership",FALSE,
"47295529","responsibility_ownership",FALSE,
"47416156","responsibility_ownership",TRUE,"responsibility"
"47415756","responsibility_ownership",TRUE,"responsibility"
"47418725","responsibility_ownership",FALSE,
"47416503","responsibility_ownership",FALSE,
"47415652","responsibility_ownership",FALSE,
"47416423","responsibility_ownership",FALSE,
"47416059","responsibility_ownership",FALSE,
"47416481","responsibility_ownership",FALSE,
"47417792","responsibility_ownership",FALSE,
"47418127","responsibility_ownership",FALSE,
"47416001","responsibility_ownership",FALSE,
"47418662","responsibility_ownership",FALSE,
"47416748","responsibility_ownership",FALSE,
"47417879","responsibility_ownership",FALSE,
"47418625","responsibility_ownership",TRUE,"liability"
"47419159","responsibility_ownership",FALSE,
"47415865","responsibility_ownership",FALSE,
"47420136","responsibility_ownership",FALSE,
"47418636","responsibility_ownership",FALSE,
"47416663","responsibility_ownership",FALSE,
"47417496","responsibility_ownership",FALSE,
"47418695","responsibility_ownership",FALSE,
"47417189","responsibility_ownership",FALSE,
"47416357","responsibility_ownership",FALSE,
"47416403","responsibility_ownership",FALSE,
"47417593","responsibility_ownership",TRUE,"own code"
"47419079","responsibility_ownership",FALSE,
"47420723","responsibility_ownership",FALSE,
"47419075","responsibility_ownership",FALSE,
"47422218","responsibility_ownership",FALSE,
"47416203","responsibility_ownership",FALSE,
"47420106","responsibility_ownership",FALSE,
"47420436","responsibility_ownership",FALSE,
"47419051","responsibility_ownership",FALSE,
"47418665","responsibility_ownership",FALSE,
"47416755","responsibility_ownership",FALSE,
"47418187","responsibility_ownership",FALSE,
"47416783","responsibility_ownership",FALSE,
"47418270","responsibility_ownership",FALSE,
"47416251","responsibility_ownership",FALSE,
"47420079","responsibility_ownership",FALSE,
"47422263","responsibility_ownership",TRUE,"accountable"
"47418647","responsibility_ownership",FALSE,
"47416268","responsibility_ownership",FALSE,
"47416199","responsibility_ownership",TRUE,"responsible"
"47421275","responsibility_ownership",FALSE,
"47420050","responsibility_ownership",FALSE,
"47420707","responsibility_ownership",FALSE,
"47419135","responsibility_ownership",FALSE,
"47420246","responsibility_ownership",FALSE,
"47416385","responsibility_ownership",FALSE,
"47417565","responsibility_ownership",FALSE,
"47416373","responsibility_ownership",FALSE,
"47417137","responsibility_ownership",FALSE,
"47440019","responsibility_ownership",TRUE,"accountable"
"47418829","responsibility_ownership",FALSE,
"47420125","responsibility_ownership",FALSE,
"47420162","responsibility_ownership",FALSE,
"47420776","responsibility_ownership",FALSE,
"47417563","responsibility_ownership",FALSE,
"47416512","responsibility_ownership",FALSE,
"47416773","responsibility_ownership",FALSE,
"47417797","responsibility_ownership",FALSE,
"47418009","responsibility_ownership",FALSE,
"47418013","responsibility_ownership",FALSE,
"47419210","responsibility_ownership",FALSE,
"47427867","responsibility_ownership",FALSE,
"47422089","responsibility_ownership",FALSE,
"47417826","responsibility_ownership",FALSE,
"47416664","responsibility_ownership",FALSE,
"47417875","responsibility_ownership",FALSE,
"47416936","responsibility_ownership",FALSE,
"47416907","responsibility_ownership",FALSE,
"47418193","responsibility_ownership",FALSE,
"47418159","responsibility_ownership",FALSE,
"47418156","responsibility_ownership",FALSE,
"47419699","responsibility_ownership",FALSE,
"47418436","responsibility_ownership",FALSE,
"47419533","responsibility_ownership",FALSE,
"47422523","responsibility_ownership",FALSE,
"47422108","responsibility_ownership",FALSE,
"47418536","responsibility_ownership",FALSE,
"47422072","responsibility_ownership",FALSE,
"49431613","responsibility_ownership",FALSE,
"49438416","responsibility_ownership",FALSE,
"49326866","responsibility_ownership",FALSE,
"49353756","responsibility_ownership",FALSE,
"49340321","responsibility_ownership",FALSE,
"49335907","responsibility_ownership",FALSE,
"49351024","responsibility_ownership",FALSE,
"49328161","responsibility_ownership",FALSE,
"49326680","responsibility_ownership",FALSE,
"49330409","responsibility_ownership",FALSE,
"49431682","responsibility_ownership",FALSE,
"49378613","responsibility_ownership",FALSE,
"49391935","responsibility_ownership",FALSE,
"49378474","responsibility_ownership",FALSE,
"49388308","responsibility_ownership",FALSE,
"43861747","understanding_trust",FALSE,
"43862272","understanding_trust",FALSE,
"43862722","understanding_trust",FALSE,
"43861461","understanding_trust",FALSE,
"43861845","understanding_trust",TRUE,"confident"
"43866255","understanding_trust",FALSE,
"43861805","understanding_trust",FALSE,
"43865180","understanding_trust",FALSE,
"43869484","understanding_trust",FALSE,
"43864090","understanding_trust",TRUE,"understanding"
"43863518","understanding_trust",FALSE,
"43866989","understanding_trust",FALSE,
"43863052","understanding_trust",FALSE,
"43867335","understanding_trust",TRUE,"understanding"
"43862196","understanding_trust",FALSE,
"43874486","understanding_trust",FALSE,
"43863440","understanding_trust",TRUE,"trust"
"43862062","understanding_trust",FALSE,
"43863177","understanding_trust",FALSE,
"43866834","understanding_trust",FALSE,
"43862283","understanding_trust",FALSE,
"43870056","understanding_trust",FALSE,
"43863147","understanding_trust",FALSE,
"43864088","understanding_trust",FALSE,
"43862212","understanding_trust",FALSE,
"43868096","understanding_trust",FALSE,
"43861988","understanding_trust",FALSE,
"43862471","understanding_trust",TRUE,"confident"
"43877121","understanding_trust",FALSE,
"43877072","understanding_trust",FALSE,
"43862230","understanding_trust",TRUE,"understanding"
"43862570","understanding_trust",FALSE,
"43863986","understanding_trust",FALSE,
"43864164","understanding_trust",FALSE,
"43867172","understanding_trust",FALSE,
"43863762","understanding_trust",FALSE,
"43882803","understanding_trust",FALSE,
"43863760","understanding_trust",FALSE,
"43877003","understanding_trust",FALSE,
"43867077","understanding_trust",FALSE,
"43870372","understanding_trust",FALSE,
"43867002","understanding_trust",FALSE,
"43864292","understanding_trust",FALSE,
"43864624","understanding_trust",TRUE,"understand"
"43862226","understanding_trust",FALSE,
"43862875","understanding_trust",FALSE,
"43862197","understanding_trust",FALSE,
"43864289","understanding_trust",FALSE,
"43862532","understanding_trust",FALSE,
"43878249","understanding_trust",FALSE,
"43862311","understanding_trust",TRUE,"understand"
"43868785","understanding_trust",FALSE,
"43869060","understanding_trust",FALSE,
"43865942","understanding_trust",FALSE,
"43864296","understanding_trust",FALSE,
"43867764","understanding_trust",FALSE,
"43868939","understanding_trust",FALSE,
"43872179","understanding_trust",TRUE,"trust"
"43872063","understanding_trust",FALSE,
"43864337","understanding_trust",FALSE,
"43867474","understanding_trust",FALSE,
"43863014","understanding_trust",FALSE,
"43868646","understanding_trust",FALSE,
"43863975","understanding_trust",FALSE,
"43862796","understanding_trust",FALSE,
"43865362","understanding_trust",FALSE,
"43864261","understanding_trust",FALSE,
"43862926","understanding_trust",FALSE,
"43862914","understanding_trust",FALSE,
"43877106","understanding_trust",FALSE,
"43864403","understanding_trust",FALSE,
"43865065","understanding_trust",FALSE,
"43870078","understanding_trust",FALSE,
"43869395","understanding_trust",FALSE,
"43864161","understanding_trust",FALSE,
"43862940","understanding_trust",FALSE,
"43862939","understanding_trust",FALSE,
"43863144","understanding_trust",FALSE,
"43864371","understanding_trust",FALSE,
"43869024","understanding_trust",FALSE,
"43863130","understanding_trust",FALSE,
"43863401","understanding_trust",FALSE,
"43863222","understanding_trust",FALSE,
"43863152","understanding_trust",FALSE,
"47290195","understanding_trust",TRUE,"trust"
"47289753","understanding_trust",TRUE,"understands"
"47292915","understanding_trust",TRUE,"trust"
"47290541","understanding_trust",FALSE,
"47290064","understanding_trust",FALSE,
"47289611","understanding_trust",FALSE,
"47295857","understanding_trust",FALSE,
"47292836","understanding_trust",FALSE,
"47292315","understanding_trust",FALSE,
"47289837","understanding_trust",FALSE,
"47290050","understanding_trust",FALSE,
"47289922","understanding_trust",TRUE,"trust"
"47290336","understanding_trust",TRUE,"trust"
"47297601","understanding_trust",TRUE,"trust"
"47309375","understanding_trust",FALSE,
"47290949","understanding_trust",FALSE,
"47298568","understanding_trust",FALSE,
"47290240","understanding_trust",FALSE,
"47289697","understanding_trust",FALSE,
"47291184","understanding_trust",FALSE,
"47292035","understanding_trust",FALSE,
"47291922","understanding_trust",FALSE,
"47289908","understanding_trust",FALSE,
"47290414","understanding_trust",TRUE,"understand"
"47291252","understanding_trust",FALSE,
"47290511","understanding_trust",TRUE,"trust"
"47290376","understanding_trust",FALSE,
"47290249","understanding_trust",FALSE,
"47290993","understanding_trust",FALSE,
"47388846","understanding_trust",FALSE,
"47291794","understanding_trust",FALSE,
"47291283","understanding_trust",TRUE,"trust"
"47290264","understanding_trust",FALSE,
"47292581","understanding_trust",FALSE,
"47290770","understanding_trust",FALSE,
"47290485","understanding_trust",FALSE,
"47290026","understanding_trust",FALSE,
"47290390","understanding_trust",FALSE,
"47294934","understanding_trust",FALSE,
"47292624","understanding_trust",FALSE,
"47290081","understanding_trust",FALSE,
"47290452","understanding_trust",TRUE,"trust"
"47290339","understanding_trust",FALSE,
"47290312","understanding_trust",FALSE,
"47290374","understanding_trust",FALSE,
"47290351","understanding_trust",FALSE,
"47292679","understanding_trust",FALSE,
"47290150","understanding_trust",TRUE,"understanding"
"47290269","understanding_trust",FALSE,
"47291898","understanding_trust",FALSE,
"47290182","understanding_trust",FALSE,
"47292553","understanding_trust",TRUE,"understand"
"47290566","understanding_trust",FALSE,
"47290934","understanding_trust",FALSE,
"47292072","understanding_trust",FALSE,
"47292583","understanding_trust",FALSE,
"47291409","understanding_trust",FALSE,
"47292368","understanding_trust",FALSE,
"47293593","understanding_trust",FALSE,
"47290423","understanding_trust",FALSE,
"47293190","understanding_trust",FALSE,
"47290387","understanding_trust",FALSE,
"47290464","understanding_trust",FALSE,
"47290653","understanding_trust",FALSE,
"47290138","understanding_trust",FALSE,
"47300292","understanding_trust",FALSE,
"47292925","understanding_trust",FALSE,
"47290128","understanding_trust",TRUE,"trust"
"47293884","understanding_trust",TRUE,"trust"
"47290926","understanding_trust",FALSE,
"47290403","understanding_trust",FALSE,
"47290189","understanding_trust",FALSE,
"47290361","understanding_trust",FALSE,
"47293617","understanding_trust",FALSE,
"47292573","understanding_trust",FALSE,
"47293609","understanding_trust",FALSE,
"47292074","understanding_trust",FALSE,
"47290745","understanding_trust",FALSE,
"47291250","understanding_trust",FALSE,
"47298214","understanding_trust",FALSE,
"47291685","understanding_trust",FALSE,
"47297582","understanding_trust",FALSE,
"47292753","understanding_trust",FALSE,
"47293703","understanding_trust",FALSE,
"47290461","understanding_trust",FALSE,
"47296419","understanding_trust",FALSE,
"47295812","understanding_trust",FALSE,
"47290551","understanding_trust",FALSE,
"47295807","understanding_trust",FALSE,
"47290535","understanding_trust",FALSE,
"47290334","understanding_trust",FALSE,
"47290692","understanding_trust",FALSE,
"47299252","understanding_trust",FALSE,
"47293564","understanding_trust",FALSE,
"47290582","understanding_trust",FALSE,
"47295529","understanding_trust",TRUE,"understanding"
"47416156","understanding_trust",TRUE,"understanding"
"47415756","understanding_trust",TRUE,"understand"
"47418725","understanding_trust",FALSE,
"47416503","understanding_trust",TRUE,"trust"
"47415652","understanding_trust",FALSE,
"47416423","understanding_trust",FALSE,
"47416059","understanding_trust",FALSE,
"47416481","understanding_trust",FALSE,
"47417792","understanding_trust",FALSE,
"47418127","understanding_trust",FALSE,
"47416001","understanding_trust",FALSE,
"47418662","understanding_trust",FALSE,
"47416748","understanding_trust",FALSE,
"47417879","understanding_trust",FALSE,
"47418625","understanding_trust",TRUE,"trusted"
"47419159","understanding_trust",FALSE,
"47415865","understanding_trust",FALSE,
"47420136","understanding_trust",FALSE,
"47418636","understanding_trust",FALSE,
"47416663","understanding_trust",FALSE,
"47417496","understanding_trust",FALSE,
"47418695","understanding_trust",FALSE,
"47417189","understanding_trust",FALSE,
"47416357","understanding_trust",FALSE,
"47416403","understanding_trust",TRUE,"understand"
"47417593","understanding_trust",FALSE,
"47419079","understanding_trust",FALSE,
"47420723","understanding_trust",FALSE,
"47419075","understanding_trust",FALSE,
"47422218","understanding_trust",FALSE,
"47416203","understanding_trust",FALSE,
"47420106","understanding_trust",FALSE,
"47420436","understanding_trust",TRUE,"trust"
"47419051","understanding_trust",FALSE,
"47418665","understanding_trust",FALSE,
"47416755","understanding_trust",TRUE,"understand"
"47418187","understanding_trust",FALSE,
"47416783","understanding_trust",FALSE,
"47418270","understanding_trust",FALSE,
"47416251","understanding_trust",FALSE,
"47420079","understanding_trust",FALSE,
"47422263","understanding_trust",FALSE,
"47418647","understanding_trust",TRUE,"understand"
"47416268","understanding_trust",FALSE,
"47416199","understanding_trust",FALSE,
"47421275","understanding_trust",FALSE,
"47420050","understanding_trust",FALSE,
"47420707","understanding_trust",FALSE,
"47419135","understanding_trust",FALSE,
"47420246","understanding_trust",FALSE,
"47416385","understanding_trust",FALSE,
"47417565","understanding_trust",FALSE,
"47416373","understanding_trust",FALSE,
"47417137","understanding_trust",TRUE,"trust"
"47440019","understanding_trust",FALSE,
"47418829","understanding_trust",FALSE,
"47420125","understanding_trust",FALSE,
"47420162","understanding_trust",FALSE,
"47420776","understanding_trust",TRUE,"understanding"
"47417563","understanding_trust",FALSE,
"47416512","understanding_trust",FALSE,
"47416773","understanding_trust",FALSE,
"47417797","understanding_trust",FALSE,
"47418009","understanding_trust",FALSE,
"47418013","understanding_trust",FALSE,
"47419210","understanding_trust",FALSE,
"47427867","understanding_trust",FALSE,
"47422089","understanding_trust",FALSE,
"47417826","understanding_trust",FALSE,
"47416664","understanding_trust",FALSE,
"47417875","understanding_trust",FALSE,
"47416936","understanding_trust",FALSE,
"47416907","understanding_trust",FALSE,
"47418193","understanding_trust",FALSE,
"47418159","understanding_trust",FALSE,
"47418156","understanding_trust",FALSE,
"47419699","understanding_trust",FALSE,
"47418436","understanding_trust",FALSE,
"47419533","understanding_trust",FALSE,
"47422523","understanding_trust",FALSE,
"47422108","understanding_trust",FALSE,
"47418536","understanding_trust",FALSE,
"47422072","understanding_trust",FALSE,
"49431613","understanding_trust",FALSE,
"49438416","understanding_trust",FALSE,
"49326866","understanding_trust",FALSE,
"49353756","understanding_trust",FALSE,
"49340321","understanding_trust",FALSE,
"49335907","understanding_trust",FALSE,
"49351024","understanding_trust",FALSE,
"49328161","understanding_trust",FALSE,
"49326680","understanding_trust",FALSE,
"49330409","understanding_trust",FALSE,
"49431682","understanding_trust",FALSE,
"49378613","understanding_trust",FALSE,
"49391935","understanding_trust",FALSE,
"49378474","understanding_trust",FALSE,
"49388308","understanding_trust",FALSE,
