"comment_id","thread_id","author","verification_specific","received_reply"
"43861747","43857643","svieira",TRUE,TRUE
"43862272","43857643","gonzan",TRUE,FALSE
"43862722","43857643","rbren",TRUE,TRUE
"43861461","43857643","SOTGO",TRUE,TRUE
"43861845","43857643","simonw",TRUE,TRUE
"43866255","43857643","aussieguy1234",TRUE,TRUE
"43861805","43857643","logicchains",TRUE,TRUE
"43865180","43857643","_heimdall",TRUE,FALSE
"43869484","43857643","taylodl",TRUE,FALSE
"43864090","43857643","allisonee",TRUE,FALSE
"43863518","43857643","pjmlp",TRUE,TRUE
"43866989","43857643","flimflamm",TRUE,TRUE
"43863052","43857643","devrandoom",TRUE,TRUE
"43867335","43857643","black3r",TRUE,FALSE
"43862196","43857643","JonChesterfield",TRUE,FALSE
"43874486","43857643","hulitu",TRUE,FALSE
"43863440","43857643","gitroom",FALSE,TRUE
"43862062","43857643","throwup238",TRUE,FALSE
"43863177","43857643","okdood64",FALSE,TRUE
"43866834","43857643","VMG",FALSE,TRUE
"43862283","43857643","dakshgupta",FALSE,TRUE
"43870056","43857643","SilverBirch",FALSE,FALSE
"43863147","43857643","never_better",TRUE,FALSE
"43864088","43857643","flir",FALSE,TRUE
"43862212","43857643","ebiester",FALSE,TRUE
"43868096","43857643","slyle",FALSE,FALSE
"43861988","43857643","rienbdj",FALSE,TRUE
"43862471","43857643","godelski",FALSE,TRUE
"43877121","43857643","aiisjustanif",FALSE,TRUE
"43877072","43857643","aiisjustanif",FALSE,FALSE
"43862230","43857643","JonChesterfield",TRUE,TRUE
"43862570","43857643","dakshgupta",TRUE,TRUE
"43863986","43857643","senderista",TRUE,TRUE
"43864164","43857643","dakshgupta",FALSE,TRUE
"43867172","43857643","xnickb",FALSE,FALSE
"43863762","43857643","phamilton",TRUE,TRUE
"43882803","43857643","8note",TRUE,FALSE
"43863760","43857643","dakshgupta",FALSE,FALSE
"43877003","43857643","garylkz",FALSE,FALSE
"43867077","43857643","xnorswap",TRUE,TRUE
"43870372","43857643","_w1tm",TRUE,TRUE
"43867002","43857643","dheera",FALSE,TRUE
"43864292","43857643","lvzw",FALSE,TRUE
"43864624","43857643","isaacremuant",FALSE,FALSE
"43862226","43857643","simonw",FALSE,TRUE
"43862875","43857643","nemomarx",FALSE,TRUE
"43862197","43857643","simonw",FALSE,TRUE
"43864289","43857643","greymalik",FALSE,FALSE
"43862532","43857643","dakshgupta",FALSE,TRUE
"43878249","43857643","simonw",TRUE,FALSE
"43862311","43857643","logicchains",TRUE,TRUE
"43868785","43857643","skydhash",TRUE,FALSE
"43869060","43857643","codr7",TRUE,FALSE
"43865942","43857643","pjmlp",FALSE,FALSE
"43864296","43857643","loa_in_",FALSE,FALSE
"43867764","43857643","VMG",TRUE,FALSE
"43868939","43857643","wffurr",TRUE,FALSE
"43872179","43857643","dakshgupta",FALSE,FALSE
"43872063","43857643","dakshgupta",FALSE,FALSE
"43864337","43857643","simonw",FALSE,TRUE
"43867474","43857643","NitpickLawyer",FALSE,TRUE
"43863014","43857643","codydkdc",TRUE,FALSE
"43868646","43857643","ebiester",TRUE,TRUE
"43863975","43857643","antihipocrat",FALSE,TRUE
"43862796","43857643","gilleain",TRUE,TRUE
"43865362","43857643","8note",FALSE,FALSE
"43864261","43857643","sensanaty",FALSE,FALSE
"43862926","43857643","godelski",FALSE,FALSE
"43862914","43857643","nemomarx",TRUE,FALSE
"43877106","43857643","aiisjustanif",TRUE,FALSE
"43864403","43857643","dakshgupta",FALSE,FALSE
"43865065","43857643","recursive",FALSE,FALSE
"43870078","43857643","simonw",FALSE,FALSE
"43869395","43857643","nemomarx",TRUE,FALSE
"43864161","43857643","dakshgupta",TRUE,TRUE
"43862940","43857643","dakshgupta",FALSE,TRUE
"43862939","43857643","simonw",TRUE,FALSE
"43863144","43857643","okdood64",FALSE,TRUE
"43864371","43857643","antihipocrat",FALSE,FALSE
"43869024","43857643","codr7",TRUE,FALSE
"43863130","43857643","never_better",TRUE,TRUE
"43863401","43857643","gilleain",TRUE,FALSE
"43863222","43857643","dakshgupta",FALSE,FALSE
"43863152","43857643","dragonwriter",FALSE,FALSE
"47290195","47289406","fishtoaster",TRUE,TRUE
"47289753","47289406","hnthrow0287345",FALSE,TRUE
"47292915","47289406","SPascareli13",TRUE,FALSE
"47290541","47289406","jldugger",TRUE,TRUE
"47290064","47289406","ironman1478",FALSE,FALSE
"47289611","47289406","Kerrick",FALSE,FALSE
"47295857","47289406","cadamsdotcom",TRUE,FALSE
"47292836","47289406","hamasho",TRUE,FALSE
"47292315","47289406","talkvoix",FALSE,TRUE
"47289837","47289406","johngossman",FALSE,TRUE
"47290050","47289406","bryanlarsen",TRUE,TRUE
"47289922","47289406","apical_dendrite",TRUE,TRUE
"47290336","47289406","bensyverson",TRUE,TRUE
"47297601","47289406","mrothroc",FALSE,FALSE
"47309375","47289406","saltpath",TRUE,FALSE
"47290949","47289406","abetusk",FALSE,FALSE
"47298568","47289406","devld",TRUE,FALSE
"47290240","47289406","chromaton",TRUE,FALSE
"47289697","47289406","maxdo",FALSE,FALSE
"47291184","47289406","ritcgab",FALSE,FALSE
"47292035","47289406","mentalgear",FALSE,FALSE
"47291922","47289406","poemxo",FALSE,FALSE
"47289908","47289406","VanTodi",FALSE,TRUE
"47290414","47289406","sarchertech",TRUE,TRUE
"47291252","47289406","gopalv",TRUE,TRUE
"47290511","47289406","ahsisjb",FALSE,TRUE
"47290376","47289406","zer00eyz",TRUE,FALSE
"47290249","47289406","orsorna",TRUE,FALSE
"47290993","47289406","dwb",FALSE,TRUE
"47388846","47289406","elliemdaw",TRUE,FALSE
"47291794","47289406","gspr",FALSE,TRUE
"47291283","47289406","bigstrat2003",FALSE,TRUE
"47290264","47289406","gjsman-1000",FALSE,TRUE
"47292581","47289406","px1999",FALSE,FALSE
"47290770","47289406","pjm331",FALSE,FALSE
"47290485","47289406","user3939382",FALSE,FALSE
"47290026","47289406","lowsong",FALSE,TRUE
"47290390","47289406","gowld",FALSE,FALSE
"47294934","47289406","pcloadlett3r",TRUE,TRUE
"47292624","47289406","NewsaHackO",FALSE,TRUE
"47290081","47289406","apical_dendrite",FALSE,TRUE
"47290452","47289406","hirvi74",FALSE,TRUE
"47290339","47289406","gowld",FALSE,FALSE
"47290312","47289406","gowld",TRUE,FALSE
"47290374","47289406","metajack",FALSE,FALSE
"47290351","47289406","gowld",FALSE,TRUE
"47292679","47289406","axi0m",FALSE,FALSE
"47290150","47289406","lpnam0201",FALSE,TRUE
"47290269","47289406","scuff3d",FALSE,TRUE
"47291898","47289406","cuntiusmccunt",FALSE,FALSE
"47290182","47289406","somewhereoutth",FALSE,FALSE
"47292553","47289406","wtallis",TRUE,TRUE
"47290566","47289406","logicchains",FALSE,TRUE
"47290934","47289406","Herring",TRUE,TRUE
"47292072","47289406","mentalgear",FALSE,TRUE
"47292583","47289406","NewsaHackO",FALSE,FALSE
"47291409","47289406","xantronix",FALSE,TRUE
"47292368","47289406","fishtoaster",TRUE,TRUE
"47293593","47289406","whattheheckheck",FALSE,TRUE
"47290423","47289406","coffeefirst",FALSE,FALSE
"47293190","47289406","threatofrain",FALSE,FALSE
"47290387","47289406","hackyhacky",FALSE,TRUE
"47290464","47289406","gregoryl",FALSE,TRUE
"47290653","47289406","suzzer99",FALSE,FALSE
"47290138","47289406","somewhereoutth",FALSE,TRUE
"47300292","47289406","jldugger",TRUE,FALSE
"47292925","47289406","talkvoix",FALSE,FALSE
"47290128","47289406","johngossman",FALSE,TRUE
"47293884","47289406","habinero",FALSE,FALSE
"47290926","47289406","regus",FALSE,FALSE
"47290403","47289406","apical_dendrite",FALSE,FALSE
"47290189","47289406","apical_dendrite",FALSE,TRUE
"47290361","47289406","gowld",FALSE,TRUE
"47293617","47289406","skydhash",TRUE,FALSE
"47292573","47289406","wizzwizz4",TRUE,FALSE
"47293609","47289406","sarchertech",TRUE,FALSE
"47292074","47289406","halfcat",TRUE,FALSE
"47290745","47289406","sarchertech",FALSE,FALSE
"47291250","47289406","sarchertech",TRUE,FALSE
"47298214","47289406","arunabha",FALSE,TRUE
"47291685","47289406","dwb",TRUE,TRUE
"47297582","47289406","gspr",TRUE,FALSE
"47292753","47289406","wizzwizz4",TRUE,FALSE
"47293703","47289406","habinero",FALSE,FALSE
"47290461","47289406","leptons",FALSE,FALSE
"47296419","47289406","disgruntledphd2",FALSE,FALSE
"47295812","47289406","tpoacher",FALSE,FALSE
"47290551","47289406","dwaltrip",FALSE,FALSE
"47295807","47289406","tpoacher",FALSE,FALSE
"47290535","47289406","hirvi74",FALSE,FALSE
"47290334","47289406","afro88",FALSE,TRUE
"47290692","47289406","scuff3d",FALSE,FALSE
"47299252","47289406","mentalgear",FALSE,FALSE
"47293564","47289406","whattheheckheck",FALSE,TRUE
"47290582","47289406","suzzer99",FALSE,FALSE
"47295529","47289406","dwb",FALSE,FALSE
"47416156","47397367","jryio",TRUE,TRUE
"47415756","47397367","tedivm",TRUE,TRUE
"47418725","47397367","fcatalan",TRUE,TRUE
"47416503","47397367","pron",TRUE,TRUE
"47415652","47397367","jghn",TRUE,TRUE
"47416423","47397367","duskdozer",FALSE,TRUE
"47416059","47397367","sharkjacobs",FALSE,FALSE
"47416481","47397367","otabdeveloper4",FALSE,TRUE
"47417792","47397367","agentultra",TRUE,FALSE
"47418127","47397367","keithnz",FALSE,FALSE
"47416001","47397367","phailhaus",FALSE,TRUE
"47418662","47397367","softwaredoug",TRUE,TRUE
"47416748","47397367","boombapoom",FALSE,FALSE
"47417879","47397367","artee_49",FALSE,FALSE
"47418625","47397367","eggbrain",TRUE,TRUE
"47419159","47397367","teiferer",FALSE,FALSE
"47415865","47397367","Ancalagon",TRUE,TRUE
"47420136","47397367","vemv",TRUE,FALSE
"47418636","47397367","Andrei_dev",TRUE,FALSE
"47416663","47397367","morpheos137",FALSE,FALSE
"47417496","47397367","jerf",TRUE,FALSE
"47418695","47397367","mattdeboard",FALSE,FALSE
"47417189","47397367","davemp",TRUE,FALSE
"47416357","47397367","andai",FALSE,FALSE
"47416403","47397367","ventana",TRUE,FALSE
"47417593","47397367","spaceywilly",TRUE,TRUE
"47419079","47397367","mvrckhckr",TRUE,FALSE
"47420723","47397367","seanmcdirmid",TRUE,FALSE
"47419075","47397367","raw_anon_1111",TRUE,TRUE
"47422218","47397367","maplethorpe",FALSE,FALSE
"47416203","47397367","Lerc",FALSE,FALSE
"47420106","47397367","bizzletk",FALSE,TRUE
"47420436","47397367","SAI_Peregrinus",TRUE,FALSE
"47419051","47397367","flir",FALSE,FALSE
"47418665","47397367","Gigachad",TRUE,TRUE
"47416755","47397367","fhd2",TRUE,FALSE
"47418187","47397367","rsoto2",FALSE,FALSE
"47416783","47397367","empath75",TRUE,FALSE
"47418270","47397367","rsoto2",FALSE,FALSE
"47416251","47397367","loloquwowndueo",TRUE,TRUE
"47420079","47397367","bluefirebrand",TRUE,FALSE
"47422263","47397367","maplethorpe",FALSE,TRUE
"47418647","47397367","mattdeboard",TRUE,TRUE
"47416268","47397367","Animats",TRUE,FALSE
"47416199","47397367","jryio",TRUE,FALSE
"47421275","47397367","bisonbear",TRUE,FALSE
"47420050","47397367","skydhash",TRUE,TRUE
"47420707","47397367","fcatalan",FALSE,FALSE
"47419135","47397367","icoder",TRUE,TRUE
"47420246","47397367","SAI_Peregrinus",TRUE,TRUE
"47416385","47397367","Swizec",FALSE,TRUE
"47417565","47397367","lelanthran",FALSE,TRUE
"47416373","47397367","baq",FALSE,TRUE
"47417137","47397367","wordpad",FALSE,FALSE
"47440019","47397367","eggbrain",FALSE,FALSE
"47418829","47397367","eggbrain",TRUE,TRUE
"47420125","47397367","raw_anon_1111",TRUE,FALSE
"47420162","47397367","Gigachad",TRUE,FALSE
"47420776","47397367","skydhash",TRUE,TRUE
"47417563","47397367","dctoedt",FALSE,TRUE
"47416512","47397367","person22",FALSE,TRUE
"47416773","47397367","empath75",FALSE,TRUE
"47417797","47397367","patates",FALSE,FALSE
"47418009","47397367","Alex_L_Wood",FALSE,FALSE
"47418013","47397367","hvb2",FALSE,TRUE
"47419210","47397367","mattdeboard",TRUE,FALSE
"47427867","47397367","SAI_Peregrinus",TRUE,FALSE
"47422089","47397367","anematode",FALSE,FALSE
"47417826","47397367","Swizec",FALSE,TRUE
"47416664","47397367","fhd2",FALSE,TRUE
"47417875","47397367","patates",FALSE,FALSE
"47416936","47397367","Swizec",FALSE,TRUE
"47416907","47397367","procaryote",FALSE,FALSE
"47418193","47397367","baq",FALSE,TRUE
"47418159","47397367","rsoto2",FALSE,FALSE
"47418156","47397367","suzzer99",FALSE,TRUE
"47419699","47397367","loloquwowndueo",FALSE,FALSE
"47418436","47397367","dolmen",FALSE,TRUE
"47419533","47397367","slopinthebag",FALSE,TRUE
"47422523","47397367","hvb2",FALSE,FALSE
"47422108","47397367","fhd2",FALSE,FALSE
"47418536","47397367","Swizec",FALSE,FALSE
"47422072","47397367","baq",FALSE,FALSE
"49431613","49321400","ArnaudDebray",TRUE,FALSE
"49438416","49321400","othmanosx",TRUE,FALSE
"49326866","49321400","taurath",TRUE,TRUE
"49353756","49321400","joshgachnang",TRUE,FALSE
"49340321","49321400","BonanKou",TRUE,TRUE
"49335907","49321400","juanpflores",TRUE,FALSE
"49351024","49321400","cjg007",TRUE,FALSE
"49328161","49321400","wbnns",TRUE,FALSE
"49326680","49321400","mandarinclips",TRUE,FALSE
"49330409","49321400","ryanchants",TRUE,FALSE
"49431682","49321400","ArnaudDebray",TRUE,FALSE
"49378613","49378314","verdverm",TRUE,FALSE
"49391935","49378314","jfawcett",TRUE,FALSE
"49378474","49378314","fuzzfactor",FALSE,FALSE
"49388308","49378314","othmanosx",TRUE,FALSE
