"method","k","mean_silhouette","minimum_size","maximum_size","sizes","admissible","selected_within_method"
"average_cosine",2,0.0150674536209398,2,262,"262/2",FALSE,TRUE
"average_cosine",3,0.0108171078400253,2,259,"259/3/2",FALSE,FALSE
"average_cosine",4,0.00665054445559727,2,257,"257/3/2/2",FALSE,FALSE
"average_cosine",5,0.00633889917981895,2,244,"244/13/3/2/2",FALSE,FALSE
"average_cosine",6,0.00551142587223673,2,239,"239/13/5/3/2/2",FALSE,FALSE
"average_cosine",7,0.00502812643559587,2,239,"239/9/5/4/3/2/2",FALSE,FALSE
"average_cosine",8,0.00560552636055451,2,231,"231/9/8/5/4/3/2/2",FALSE,FALSE
"complete_cosine",2,-0.00199712589721794,5,259,"259/5",TRUE,TRUE
"complete_cosine",3,-0.00474645383634194,2,257,"257/5/2",FALSE,FALSE
"complete_cosine",4,-0.00548154928199393,2,251,"251/6/5/2",FALSE,FALSE
"complete_cosine",5,-0.00419704823156786,2,247,"247/6/5/4/2",FALSE,FALSE
"complete_cosine",6,-0.00564404064575391,2,243,"243/6/5/4/4/2",FALSE,FALSE
"complete_cosine",7,-0.00726302621181135,2,239,"239/6/5/4/4/4/2",FALSE,FALSE
"complete_cosine",8,-0.00532519055430502,2,237,"237/6/5/4/4/4/2/2",FALSE,FALSE
"ward_euclidean",2,0.00249402044304805,23,241,"241/23",TRUE,TRUE
"ward_euclidean",3,0.00123689835420937,17,224,"224/23/17",TRUE,FALSE
"ward_euclidean",4,0.00239163268896849,17,172,"172/52/23/17",TRUE,FALSE
"ward_euclidean",5,0.00208914459650058,6,172,"172/52/23/11/6",TRUE,FALSE
"ward_euclidean",6,0.00289832786614524,4,168,"168/52/23/11/6/4",FALSE,FALSE
"ward_euclidean",7,0.00401955402006069,2,168,"168/52/21/11/6/4/2",FALSE,FALSE
"ward_euclidean",8,0.00329318316572568,2,168,"168/52/21/8/6/4/3/2",FALSE,FALSE
