"comment_id","cluster","retained_tokens","silhouette_width"
"43861747",1,70,-0.0396881432187015
"43862272",1,96,0.0328552189627586
"43862722",1,71,0.0198479715320785
"43861461",1,23,0.0180483988787653
"43861845",1,57,0.0359701406025326
"43866255",1,100,0.00911640878637281
"43861805",1,54,0.00977677837428506
"43865180",1,27,0.021365736789892
"43869484",1,46,0.00996716704254258
"43864090",1,71,-0.00924396464307904
"43863518",1,8,0.0100488591129662
"43866989",1,28,0.0142805349971303
"43863052",1,20,0.0208229849940517
"43867335",1,122,0.0356633913230811
"43862196",1,36,0.0244491893923168
"43874486",1,15,0.0201500368166855
"43863440",1,17,0.0177884007627422
"43862062",1,73,0.0333569123217865
"43863177",,4,
"43866834",1,14,0.0164460881800532
"43862283",1,17,0.0168558581554482
"43870056",1,33,0.0254670942171859
"43863147",1,15,0.0218737064681576
"43864088",1,35,0.0271556689512906
"43862212",1,14,0.0190038083402777
"43868096",1,94,0.0163243745575279
"43861988",1,20,0.0183259418060809
"43862471",1,155,0.0410999076119295
"43877121",1,12,0.0209395763537082
"43877072",1,7,0.00952641200064797
"43862230",1,37,0.0319516626356444
"43862570",1,27,0.0190538058072746
"43863986",1,21,-0.0401326215664637
"43864164",,2,
"43867172",1,5,0.0124360658815039
"43863762",1,47,-0.0069185525160977
"43882803",1,32,0.0348713266761969
"43863760",1,13,0.0241072379248632
"43877003",,3,
"43867077",1,86,0.0196299542155967
"43870372",1,20,0.0190393736749385
"43867002",1,29,0.0194079934743936
"43864292",1,35,0.0267495428477161
"43864624",1,21,0.019896650742076
"43862226",1,15,0.0174117326957398
"43862875",1,22,0.0103182446475035
"43862197",1,5,0.0110409668112964
"43864289",1,10,0.00952573400819334
"43862532",1,28,0.017083995338784
"43878249",1,23,0.0233565193240141
"43862311",1,35,0.0138854684377145
"43868785",1,42,-0.0154761716302264
"43869060",1,7,0.0138766467830521
"43865942",1,49,0.0196220996368939
"43864296",1,8,0.00870552181795325
"43867764",1,65,0.0264966947585865
"43868939",1,8,0.0126959968762657
"43872179",1,15,0.000487769418858767
"43872063",1,12,0.0101092109592844
"43864337",1,27,0.0225924629382131
"43867474",1,27,0.0149862065619555
"43863014",1,10,0.0192843771169519
"43868646",1,45,0.02239386335763
"43863975",1,52,-0.0285271701871228
"43862796",1,34,0.0168975187320021
"43865362",1,17,0.0118174154040047
"43864261",1,26,0.0206970475094875
"43862926",1,193,0.0248213401527847
"43862914",1,25,-0.0197122064156724
"43877106",2,9,0.199387462094113
"43864403",1,11,0.00471572946628911
"43865065",1,7,0.0129651343929195
"43870078",1,62,0.0330218270796648
"43869395",1,41,0.0201903500175206
"43864161",1,22,0.0181880261505881
"43862940",1,14,0.0145728956072538
"43862939",1,23,-0.001079188308849
"43863144",1,13,0.0201534831532507
"43864371",1,29,0.0216242979371442
"43869024",1,18,0.0156603258182985
"43863130",1,25,0.0112573680899899
"43863401",1,17,0.0202729101310074
"43863222",1,16,0.00442634678555695
"43863152",1,9,0.00848371595456165
"47290195",1,106,0.0149766495543514
"47289753",1,94,0.0236821304534515
"47292915",1,33,0.034313286474927
"47290541",1,88,0.00868576151516136
"47290064",1,41,0.0306818545648393
"47289611",1,40,-0.026049716067837
"47295857",1,86,-0.0433451969242608
"47292836",1,74,0.0366018325471256
"47292315",1,55,0.0218801993845105
"47289837",1,121,0.0287346286284942
"47290050",1,40,0.0191212561054248
"47289922",1,234,0.021783874990862
"47290336",1,76,0.0103338936424509
"47297601",1,67,0.0262246925803016
"47309375",1,49,0.0228032571375731
"47290949",1,52,0.0265995330896012
"47298568",1,39,0.0148003908128095
"47290240",1,21,0.00716499812101499
"47289697",2,15,0.197614110005392
"47291184",1,14,-0.0167980298448202
"47292035",1,20,0.0112562537614084
"47291922",1,7,0.015010032297137
"47289908",1,31,0.0182529611057441
"47290414",1,83,0.00849577041840974
"47291252",1,123,-0.0250279774536834
"47290511",1,46,0.0225716930304861
"47290376",1,162,0.040413726845067
"47290249",1,23,0.0217992663766247
"47290993",1,38,-0.00409408864777969
"47388846",1,38,0.0135859113317355
"47291794",1,20,0.0134254055858822
"47291283",1,39,0.0320594899419884
"47290264",1,87,0.0133047624577937
"47292581",1,23,0.0202752579508578
"47290770",1,29,0.0110705027552252
"47290485",1,26,0.019446707709266
"47290026",1,30,-0.0285032511808285
"47290390",1,24,0.0156694861307384
"47294934",1,46,0.00458477934909854
"47292624",1,16,0.0140320725602678
"47290081",1,41,0.0195967971917957
"47290452",1,177,0.0365678624621526
"47290339",1,37,0.0175730382479722
"47290312",,4,
"47290374",1,10,0.00247516641106158
"47290351",1,23,0.0142768817427597
"47292679",1,44,0.020319887380096
"47290150",1,9,-0.0271577554131517
"47290269",1,114,0.030598712289877
"47291898",,3,
"47290182",1,28,0.0104303524392073
"47292553",1,54,0.0180531094135552
"47290566",1,33,-0.0130461952196914
"47290934",1,26,0.00913749196391678
"47292072",1,18,0.0182153683409824
"47292583",1,14,0.0194281160639689
"47291409",1,53,0.00858744449516173
"47292368",1,71,0.0246689758005713
"47293593",1,5,0.00311888482869138
"47290423",1,12,0.00965655321003811
"47293190",1,22,0.00967889998187916
"47290387",1,15,-0.00368844109261802
"47290464",1,12,0.012290839987687
"47290653",1,48,0.00949554140437472
"47290138",,4,
"47300292",1,14,-0.0130889259525399
"47292925",1,13,-0.00179169332356246
"47290128",1,24,0.0205242446790284
"47293884",1,96,0.0369983999288193
"47290926",1,35,0.00896171108939537
"47290403",,2,
"47290189",1,16,0.0165627191731078
"47290361",1,18,0.00966097118510048
"47293617",1,88,0.0249434400057092
"47292573",1,21,0.00706194192381697
"47293609",1,77,0.0278356348228291
"47292074",1,122,0.0200279918815758
"47290745",1,27,0.00421645609063877
"47291250",1,36,0.0234700207243647
"47298214",1,8,0.00874501241413417
"47291685",1,17,0.0167637445106988
"47297582",1,106,0.0319203085880376
"47292753",1,91,0.0275653873658619
"47293703",1,6,0.00716657310887148
"47290461",1,10,-0.00210395455591182
"47296419",1,29,-0.0116969942120126
"47295812",1,5,0.0184027735409265
"47290551",,1,
"47295807",1,6,0.00967617385273223
"47290535",1,42,0.0152437914710974
"47290334",1,8,0.00537308392460942
"47290692",1,5,0.0188006718066994
"47299252",1,6,0.0110592809163927
"47293564",1,12,0.0119857351126047
"47290582",1,10,0.00781748623130285
"47295529",1,22,0.0191049567023639
"47416156",1,62,0.027451815502846
"47415756",1,79,-0.019877367469261
"47418725",1,61,0.00631381341301213
"47416503",1,58,0.0369720860422118
"47415652",1,26,0.0126555575869822
"47416423",1,8,0.00845337777392641
"47416059",1,13,0.0170009962246707
"47416481",1,19,-0.0112960128936041
"47417792",1,69,0.0291480745523215
"47418127",1,113,0.0374038093737039
"47416001",1,35,0.0118885792074967
"47418662",1,10,0.0217770459542237
"47416748",1,11,0.0127718952270531
"47417879",1,11,-0.00571674478560558
"47418625",1,138,0.0374296106949688
"47419159",1,14,0.0206413308846632
"47415865",1,8,0.0186193328943205
"47420136",1,39,-0.000719174057072488
"47418636",1,74,0.0194872777042774
"47416663",,4,
"47417496",1,113,0.00314615759309013
"47418695",1,9,0.016250958918277
"47417189",1,34,0.0156616708530787
"47416357",,1,
"47416403",1,38,0.0192240608333506
"47417593",1,95,0.00189940108241836
"47419079",1,37,0.0168329817492633
"47420723",1,30,0.0124666652484644
"47419075",1,9,0.0254047905598103
"47422218",1,7,0.013578986624082
"47416203",1,78,0.0249848832185149
"47420106",1,6,0.0120449687832743
"47420436",1,66,0.0120635962164271
"47419051",1,5,0.0102226345374058
"47418665",1,18,0.0264596642587062
"47416755",1,80,0.0317660171998211
"47418187",,3,
"47416783",1,10,0.0152948162031461
"47418270",1,9,0.0192894708430792
"47416251",1,62,0.0197257195110495
"47420079",1,7,0.0142157751085205
"47422263",1,7,0.0117370882217379
"47418647",1,7,0.0196961044631665
"47416268",1,76,-0.0146132140804928
"47416199",1,36,0.0108804913819912
"47421275",1,46,-0.0276975810750936
"47420050",1,32,0.00381884284100517
"47420707",1,67,0.0315237444937569
"47419135",1,19,0.0192988887089263
"47420246",1,31,0.00212622465559995
"47416385",1,49,0.0286221211613281
"47417565",1,28,0.0131394127453834
"47416373",1,40,0.0205824496727222
"47417137",1,18,0.013060956805454
"47440019",1,63,0.0245721760664136
"47418829",1,66,0.0291358504339674
"47420125",1,11,0.0101663978676594
"47420162",1,26,0.00155517226042532
"47420776",1,77,0.0251144874953121
"47417563",1,18,0.0145928149914878
"47416512",1,26,0.0119574185831397
"47416773",1,27,0.0207355502359905
"47417797",1,47,0.0152091594185128
"47418009",1,9,0.00925907802135695
"47418013",1,20,0.0254513385750317
"47419210",,3,
"47427867",1,23,0.013001177860421
"47422089",,3,
"47417826",1,15,0.0180903814026139
"47416664",1,10,0.0131054261530793
"47417875",1,17,-0.00593423726283451
"47416936",1,60,0.0259423995132247
"47416907",1,6,-0.00243320754041204
"47418193",1,25,0.0160268563187642
"47418159",1,17,0.0169920440226847
"47418156",1,30,-0.00487100764250924
"47419699",1,23,0.0079760686572922
"47418436",1,5,0.0125083396577074
"47419533",1,18,0.0178477513847364
"47422523",1,9,0.0137689846517964
"47422108",1,52,-0.00359808515583079
"47418536",1,19,0.0211548442513327
"47422072",1,10,0.0153187068500823
"49431613",1,55,-0.0140219999939507
"49438416",1,12,0.0133311496316569
"49326866",1,83,0.0307239280869147
"49353756",1,43,-0.0233481708098904
"49340321",1,34,0.0213056238611977
"49335907",1,23,0.0191663843404057
"49351024",1,21,0.0172425286915131
"49328161",1,16,0.0141362146172219
"49326680",1,14,0.0207183896950115
"49330409",1,7,0.00968448994568427
"49431682",1,12,0.0177741933988598
"49378613",1,93,0.0263731300379111
"49391935",1,69,0.00811005471405968
"49378474",1,9,0.0160103867462605
"49388308",,3,
