"comment_id","reason"
"43863177","Fewer than five retained cluster tokens"
"43864164","Fewer than five retained cluster tokens"
"43877003","Fewer than five retained cluster tokens"
"47290312","Fewer than five retained cluster tokens"
"47291898","Fewer than five retained cluster tokens"
"47290138","Fewer than five retained cluster tokens"
"47290403","Fewer than five retained cluster tokens"
"47290551","Fewer than five retained cluster tokens"
"47416663","Fewer than five retained cluster tokens"
"47416357","Fewer than five retained cluster tokens"
"47418187","Fewer than five retained cluster tokens"
"47419210","Fewer than five retained cluster tokens"
"47422089","Fewer than five retained cluster tokens"
"49388308","Fewer than five retained cluster tokens"
