"comment_id","parent_id","thread_id","author","reason"
"43861747","43857643","43857643","svieira","story_root"
"43862272","43857643","43857643","gonzan","story_root"
"43862722","43857643","43857643","rbren","story_root"
"43861461","43857643","43857643","SOTGO","story_root"
"43861845","43857643","43857643","simonw","story_root"
"43866255","43857643","43857643","aussieguy1234","story_root"
"43861805","43857643","43857643","logicchains","story_root"
"43865180","43857643","43857643","_heimdall","story_root"
"43869484","43857643","43857643","taylodl","story_root"
"43864090","43857643","43857643","allisonee","story_root"
"43863518","43857643","43857643","pjmlp","story_root"
"43866989","43857643","43857643","flimflamm","story_root"
"43863052","43857643","43857643","devrandoom","story_root"
"43867335","43857643","43857643","black3r","story_root"
"43862196","43857643","43857643","JonChesterfield","story_root"
"43874486","43857643","43857643","hulitu","story_root"
"43863440","43857643","43857643","gitroom","story_root"
"47290195","47289406","47289406","fishtoaster","story_root"
"47289753","47289406","47289406","hnthrow0287345","story_root"
"47292915","47289406","47289406","SPascareli13","story_root"
"47290541","47289406","47289406","jldugger","story_root"
"47290064","47289406","47289406","ironman1478","story_root"
"47289611","47289406","47289406","Kerrick","story_root"
"47295857","47289406","47289406","cadamsdotcom","story_root"
"47292836","47289406","47289406","hamasho","story_root"
"47292315","47289406","47289406","talkvoix","story_root"
"47289837","47289406","47289406","johngossman","story_root"
"47290050","47289406","47289406","bryanlarsen","story_root"
"47289922","47289406","47289406","apical_dendrite","story_root"
"47290336","47289406","47289406","bensyverson","story_root"
"47297601","47289406","47289406","mrothroc","story_root"
"47309375","47289406","47289406","saltpath","story_root"
"47290949","47289406","47289406","abetusk","story_root"
"47298568","47289406","47289406","devld","story_root"
"47290240","47289406","47289406","chromaton","story_root"
"47289697","47289406","47289406","maxdo","story_root"
"47291184","47289406","47289406","ritcgab","story_root"
"47292035","47289406","47289406","mentalgear","story_root"
"47291922","47289406","47289406","poemxo","story_root"
"47289908","47289406","47289406","VanTodi","story_root"
"47416156","47397367","47397367","jryio","story_root"
"47415756","47397367","47397367","tedivm","story_root"
"47418725","47397367","47397367","fcatalan","story_root"
"47416503","47397367","47397367","pron","story_root"
"47415652","47397367","47397367","jghn","story_root"
"47416423","47397367","47397367","duskdozer","story_root"
"47416059","47397367","47397367","sharkjacobs","story_root"
"47416481","47397367","47397367","otabdeveloper4","story_root"
"47417792","47397367","47397367","agentultra","story_root"
"47418127","47397367","47397367","keithnz","story_root"
"47416001","47397367","47397367","phailhaus","story_root"
"47418662","47397367","47397367","softwaredoug","story_root"
"47416748","47397367","47397367","boombapoom","story_root"
"47417879","47397367","47397367","artee_49","story_root"
"47418625","47397367","47397367","eggbrain","story_root"
"47419159","47397367","47397367","teiferer","story_root"
"47415865","47397367","47397367","Ancalagon","story_root"
"47420136","47397367","47397367","vemv","story_root"
"47418636","47397367","47397367","Andrei_dev","story_root"
"47416663","47397367","47397367","morpheos137","story_root"
"47417496","47397367","47397367","jerf","story_root"
"47418695","47397367","47397367","mattdeboard","story_root"
"47417189","47397367","47397367","davemp","story_root"
"47416357","47397367","47397367","andai","story_root"
"47416403","47397367","47397367","ventana","story_root"
"47420246","47416365","47397367","SAI_Peregrinus","parent_not_in_clean"
"47417137","47417035","47397367","wordpad","parent_not_in_clean"
"49431613","49321400","49321400","ArnaudDebray","story_root"
"49438416","49321400","49321400","othmanosx","story_root"
"49326866","49321400","49321400","taurath","story_root"
"49353756","49321400","49321400","joshgachnang","story_root"
"49340321","49321400","49321400","BonanKou","story_root"
"49335907","49321400","49321400","juanpflores","story_root"
"49351024","49321400","49321400","cjg007","story_root"
"49328161","49321400","49321400","wbnns","story_root"
"49326680","49321400","49321400","mandarinclips","story_root"
"49378613","49378314","49378314","verdverm","story_root"
"49391935","49378314","49378314","jfawcett","story_root"
"49378474","49378314","49378314","fuzzfactor","story_root"
"49388308","49378314","49378314","othmanosx","story_root"
