"author","indegree","outdegree","instrength","betweenness","weak_component","strong_component"
"simonw",14,6,14,0.0191076529104698,1,96
"fishtoaster",14,1,15,0.00300403821530582,1,100
"dakshgupta",7,11,7,0.0141091303063134,1,74
"logicchains",7,2,7,0.00891362158967793,1,99
"apical_dendrite",7,3,7,0.0027331823106471,1,67
"Swizec",6,4,6,0.00329951738402443,1,92
"jryio",5,1,5,0.000541711809317443,1,73
"duskdozer",4,0,4,0,1,94
"sarchertech",3,4,3,0.0071407465773663,1,99
"skydhash",3,4,3,0.00522013198069536,1,72
"gilleain",3,2,3,0.00433369447453954,1,96
"loloquwowndueo",3,2,3,0.0019698611247907,1,92
"baq",3,3,4,0.00123116320299419,1,91
"wtallis",3,1,3,0.000984930562395351,1,99
"johngossman",3,1,4,0.000886437506155816,1,67
"gjsman-1000",3,1,3,0.000492465281197676,1,51
"lowsong",3,1,3,0.000295479168718605,1,45
"SOTGO",3,0,3,0,1,79
"flir",2,2,2,0.00315177779966512,1,96
"okdood64",2,2,2,0.00231458682162908,1,96
"ebiester",2,2,3,0.00192061459667093,1,96
"gowld",2,5,2,0.00164975869201221,1,67
"never_better",2,2,2,0.00152664237171279,1,74
"VMG",2,2,2,0.00137890278735349,1,77
"rienbdj",2,1,2,0.000935684034275584,1,96
"empath75",2,2,2,0.000837190978036048,1,92
"person22",2,1,2,0.000837190978036048,1,39
"hirvi74",2,1,2,0.000689451393676746,1,34
"dwb",2,3,2,0.00039397222495814,1,42
"whattheheckheck",2,2,2,0.000344725696838373,1,42
"hackyhacky",2,1,2,0.000295479168718605,1,48
"eggbrain",2,2,3,0.00019698611247907,1,41
"gregoryl",2,1,2,0.000147739584359303,1,44
"xnorswap",2,1,2,9.84930562395351e-05,1,77
"Ancalagon",2,0,2,0,1,89
"devrandoom",2,0,2,0,1,102
"hnthrow0287345",2,0,2,0,1,68
"svieira",2,0,2,0,1,98
"aiisjustanif",1,3,1,0.00659903476804885,1,96
"lvzw",1,1,1,0.00265931251846745,1,96
"_w1tm",1,1,1,0.00177287501231163,1,76
"afro88",1,1,1,0.000590958337437211,1,66
"suzzer99",1,3,1,0.000443218753077908,1,38
"fhd2",1,3,1,0.00039397222495814,1,38
"nemomarx",1,2,1,0.000344725696838373,1,96
"raw_anon_1111",1,2,1,0.000295479168718605,1,72
"ahsisjb",1,1,1,0.00019698611247907,1,82
"gopalv",1,1,1,0.00019698611247907,1,64
"maplethorpe",1,2,1,0.00019698611247907,1,41
"senderista",1,1,1,0.000172362848419186,1,54
"NewsaHackO",1,2,1,0.000147739584359303,1,81
"SAI_Peregrinus",1,2,1,0.000147739584359303,1,72
"mentalgear",1,2,1,0.000147739584359303,1,63
"bigstrat2003",1,1,1,9.84930562395351e-05,1,60
"lelanthran",1,1,1,9.84930562395351e-05,1,29
"somewhereoutth",1,2,1,9.84930562395351e-05,1,9
"spaceywilly",1,1,1,9.84930562395351e-05,1,59
"Gigachad",1,2,1,4.92465281197676e-05,1,85
"phamilton",1,1,1,4.92465281197676e-05,1,27
"BonanKou",1,0,1,0,2,87
"Herring",1,1,1,0,1,99
"JonChesterfield",1,1,1,0,1,99
"NitpickLawyer",1,1,1,0,1,96
"VanTodi",1,0,1,0,1,70
"antihipocrat",1,2,1,0,1,74
"arunabha",1,1,1,0,1,63
"aussieguy1234",1,0,1,0,1,101
"bensyverson",1,0,1,0,4,61
"bizzletk",1,1,1,0,5,57
"bryanlarsen",1,0,1,0,1,69
"dctoedt",1,1,1,0,1,92
"dheera",1,1,1,0,1,74
"dolmen",1,1,1,0,1,92
"fcatalan",1,1,1,0,5,57
"flimflamm",1,0,1,0,7,37
"gitroom",1,0,1,0,1,75
"godelski",1,2,1,0,1,74
"gspr",1,1,1,0,1,100
"hvb2",1,1,1,0,1,91
"icoder",1,1,1,0,1,85
"jghn",1,0,1,0,1,97
"jldugger",1,1,1,0,8,30
"lpnam0201",1,1,1,0,1,67
"mattdeboard",1,1,1,0,1,41
"otabdeveloper4",1,0,1,0,1,22
"pcloadlett3r",1,1,1,0,8,30
"phailhaus",1,0,1,0,1,93
"pjmlp",1,1,1,0,1,74
"pron",1,0,1,0,1,80
"rbren",1,0,1,0,1,78
"scuff3d",1,2,1,0,1,67
"slopinthebag",1,1,1,0,1,91
"softwaredoug",1,0,1,0,6,56
"talkvoix",1,1,1,0,1,81
"taurath",1,0,1,0,9,14
"tedivm",1,0,1,0,3,84
"xantronix",1,1,1,0,1,42
"8note",0,2,0,0,1,95
"Alex_L_Wood",0,1,0,0,1,90
"Animats",0,1,0,0,1,88
"ArnaudDebray",0,1,0,0,2,86
"Lerc",0,1,0,0,3,83
"SilverBirch",0,1,0,0,1,71
"anematode",0,1,0,0,1,65
"axi0m",0,1,0,0,1,62
"bisonbear",0,1,0,0,1,58
"bluefirebrand",0,1,0,0,6,55
"codr7",0,2,0,0,1,53
"codydkdc",0,1,0,0,1,52
"coffeefirst",0,1,0,0,1,50
"cuntiusmccunt",0,1,0,0,4,49
"disgruntledphd2",0,1,0,0,1,47
"dragonwriter",0,1,0,0,1,46
"dwaltrip",0,1,0,0,1,43
"elliemdaw",0,1,0,0,1,40
"garylkz",0,1,0,0,1,36
"greymalik",0,1,0,0,1,35
"habinero",0,2,0,0,1,33
"halfcat",0,1,0,0,1,32
"isaacremuant",0,1,0,0,1,31
"leptons",0,1,0,0,1,28
"loa_in_",0,1,0,0,1,26
"metajack",0,1,0,0,1,25
"mvrckhckr",0,1,0,0,1,24
"orsorna",0,1,0,0,1,23
"patates",0,2,0,0,1,21
"pjm331",0,1,0,0,1,20
"procaryote",0,1,0,0,1,19
"px1999",0,1,0,0,1,18
"recursive",0,1,0,0,1,17
"regus",0,1,0,0,1,16
"rsoto2",0,3,0,0,1,15
"ryanchants",0,1,0,0,9,13
"seanmcdirmid",0,1,0,0,1,12
"sensanaty",0,1,0,0,1,11
"slyle",0,1,0,0,1,10
"threatofrain",0,1,0,0,1,8
"throwup238",0,1,0,0,1,7
"tpoacher",0,2,0,0,1,6
"user3939382",0,1,0,0,1,5
"wffurr",0,1,0,0,1,4
"wizzwizz4",0,2,0,0,1,3
"xnickb",0,1,0,0,7,2
"zer00eyz",0,1,0,0,1,1
