"child_id","parent_id","thread_id","child_author","parent_author","self_reply"
"43861988","43861845","43857643","rienbdj","simonw",FALSE
"43862062","43861747","43857643","throwup238","svieira",FALSE
"43862197","43861988","43857643","simonw","rienbdj",FALSE
"43862212","43861845","43857643","ebiester","simonw",FALSE
"43862226","43862212","43857643","simonw","ebiester",FALSE
"43862230","43861805","43857643","JonChesterfield","logicchains",FALSE
"43862283","43861461","43857643","dakshgupta","SOTGO",FALSE
"43862311","43862230","43857643","logicchains","JonChesterfield",FALSE
"43862471","43861845","43857643","godelski","simonw",FALSE
"43862532","43862471","43857643","dakshgupta","godelski",FALSE
"43862570","43861805","43857643","dakshgupta","logicchains",FALSE
"43862796","43862197","43857643","gilleain","simonw",FALSE
"43862875","43862212","43857643","nemomarx","ebiester",FALSE
"43862914","43862311","43857643","nemomarx","logicchains",FALSE
"43862926","43862532","43857643","godelski","dakshgupta",FALSE
"43862939","43862796","43857643","simonw","gilleain",FALSE
"43862940","43862796","43857643","dakshgupta","gilleain",FALSE
"43863014","43862226","43857643","codydkdc","simonw",FALSE
"43863130","43862940","43857643","never_better","dakshgupta",FALSE
"43863144","43862796","43857643","okdood64","gilleain",FALSE
"43863147","43861461","43857643","never_better","SOTGO",FALSE
"43863152","43863130","43857643","dragonwriter","never_better",FALSE
"43863177","43861747","43857643","okdood64","svieira",FALSE
"43863222","43863130","43857643","dakshgupta","never_better",FALSE
"43863401","43863144","43857643","gilleain","okdood64",FALSE
"43863760","43863440","43857643","dakshgupta","gitroom",FALSE
"43863762","43863052","43857643","phamilton","devrandoom",FALSE
"43863975","43862197","43857643","antihipocrat","simonw",FALSE
"43863986","43861805","43857643","senderista","logicchains",FALSE
"43864088","43861845","43857643","flir","simonw",FALSE
"43864161","43863975","43857643","dakshgupta","antihipocrat",FALSE
"43864164","43863518","43857643","dakshgupta","pjmlp",FALSE
"43864261","43862197","43857643","sensanaty","simonw",FALSE
"43864289","43861988","43857643","greymalik","rienbdj",FALSE
"43864292","43864088","43857643","lvzw","flir",FALSE
"43864296","43863762","43857643","loa_in_","phamilton",FALSE
"43864337","43864292","43857643","simonw","lvzw",FALSE
"43864371","43864161","43857643","antihipocrat","dakshgupta",FALSE
"43864403","43864337","43857643","dakshgupta","simonw",FALSE
"43864624","43864088","43857643","isaacremuant","flir",FALSE
"43865065","43864337","43857643","recursive","simonw",FALSE
"43865362","43862197","43857643","8note","simonw",FALSE
"43865942","43864164","43857643","pjmlp","dakshgupta",FALSE
"43866834","43862722","43857643","VMG","rbren",FALSE
"43867002","43862283","43857643","dheera","dakshgupta",FALSE
"43867077","43866834","43857643","xnorswap","VMG",FALSE
"43867172","43866989","43857643","xnickb","flimflamm",FALSE
"43867474","43862226","43857643","NitpickLawyer","simonw",FALSE
"43867764","43867077","43857643","VMG","xnorswap",FALSE
"43868096","43861845","43857643","slyle","simonw",FALSE
"43868646","43862875","43857643","ebiester","nemomarx",FALSE
"43868785","43862570","43857643","skydhash","dakshgupta",FALSE
"43868939","43867077","43857643","wffurr","xnorswap",FALSE
"43869024","43864161","43857643","codr7","dakshgupta",FALSE
"43869060","43863986","43857643","codr7","senderista",FALSE
"43869395","43868646","43857643","nemomarx","ebiester",FALSE
"43870056","43861461","43857643","SilverBirch","SOTGO",FALSE
"43870078","43867474","43857643","simonw","NitpickLawyer",FALSE
"43870372","43866834","43857643","_w1tm","VMG",FALSE
"43872063","43867002","43857643","dakshgupta","dheera",FALSE
"43872179","43870372","43857643","dakshgupta","_w1tm",FALSE
"43877003","43863177","43857643","garylkz","okdood64",FALSE
"43877072","43866255","43857643","aiisjustanif","aussieguy1234",FALSE
"43877106","43862311","43857643","aiisjustanif","logicchains",FALSE
"43877121","43861845","43857643","aiisjustanif","simonw",FALSE
"43878249","43877121","43857643","simonw","aiisjustanif",FALSE
"43882803","43863052","43857643","8note","devrandoom",FALSE
"47290026","47289753","47289406","lowsong","hnthrow0287345",FALSE
"47290081","47289837","47289406","apical_dendrite","johngossman",FALSE
"47290128","47290081","47289406","johngossman","apical_dendrite",FALSE
"47290138","47290026","47289406","somewhereoutth","lowsong",FALSE
"47290150","47289922","47289406","lpnam0201","apical_dendrite",FALSE
"47290182","47289908","47289406","somewhereoutth","VanTodi",FALSE
"47290189","47290150","47289406","apical_dendrite","lpnam0201",FALSE
"47290249","47290195","47289406","orsorna","fishtoaster",FALSE
"47290264","47290195","47289406","gjsman-1000","fishtoaster",FALSE
"47290269","47289922","47289406","scuff3d","apical_dendrite",FALSE
"47290312","47290050","47289406","gowld","bryanlarsen",FALSE
"47290334","47290189","47289406","afro88","apical_dendrite",FALSE
"47290339","47289837","47289406","gowld","johngossman",FALSE
"47290351","47289922","47289406","gowld","apical_dendrite",FALSE
"47290361","47290269","47289406","gowld","scuff3d",FALSE
"47290374","47289922","47289406","metajack","apical_dendrite",FALSE
"47290376","47290195","47289406","zer00eyz","fishtoaster",FALSE
"47290387","47290264","47289406","hackyhacky","gjsman-1000",FALSE
"47290390","47289753","47289406","gowld","hnthrow0287345",FALSE
"47290403","47290351","47289406","apical_dendrite","gowld",FALSE
"47290414","47290195","47289406","sarchertech","fishtoaster",FALSE
"47290423","47290264","47289406","coffeefirst","gjsman-1000",FALSE
"47290452","47289837","47289406","hirvi74","johngossman",FALSE
"47290461","47290387","47289406","leptons","hackyhacky",FALSE
"47290464","47290026","47289406","gregoryl","lowsong",FALSE
"47290485","47290195","47289406","user3939382","fishtoaster",FALSE
"47290511","47290195","47289406","ahsisjb","fishtoaster",FALSE
"47290535","47290128","47289406","hirvi74","johngossman",FALSE
"47290551","47290464","47289406","dwaltrip","gregoryl",FALSE
"47290566","47290414","47289406","logicchains","sarchertech",FALSE
"47290582","47290334","47289406","suzzer99","afro88",FALSE
"47290653","47290026","47289406","suzzer99","lowsong",FALSE
"47290692","47290361","47289406","scuff3d","gowld",FALSE
"47290745","47290566","47289406","sarchertech","logicchains",FALSE
"47290770","47290195","47289406","pjm331","fishtoaster",FALSE
"47290926","47290452","47289406","regus","hirvi74",FALSE
"47290934","47290414","47289406","Herring","sarchertech",FALSE
"47290993","47290195","47289406","dwb","fishtoaster",FALSE
"47291250","47290934","47289406","sarchertech","Herring",FALSE
"47291252","47290195","47289406","gopalv","fishtoaster",FALSE
"47291283","47290195","47289406","bigstrat2003","fishtoaster",FALSE
"47291409","47290993","47289406","xantronix","dwb",FALSE
"47291685","47291409","47289406","dwb","xantronix",FALSE
"47291794","47290195","47289406","gspr","fishtoaster",FALSE
"47291898","47290336","47289406","cuntiusmccunt","bensyverson",FALSE
"47292072","47291252","47289406","mentalgear","gopalv",FALSE
"47292074","47290566","47289406","halfcat","logicchains",FALSE
"47292368","47291794","47289406","fishtoaster","gspr",FALSE
"47292553","47290414","47289406","wtallis","sarchertech",FALSE
"47292573","47292553","47289406","wizzwizz4","wtallis",FALSE
"47292581","47290195","47289406","px1999","fishtoaster",FALSE
"47292583","47290511","47289406","NewsaHackO","ahsisjb",FALSE
"47292624","47292315","47289406","NewsaHackO","talkvoix",FALSE
"47292679","47289922","47289406","axi0m","apical_dendrite",FALSE
"47292753","47292368","47289406","wizzwizz4","fishtoaster",FALSE
"47292925","47292624","47289406","talkvoix","NewsaHackO",FALSE
"47293190","47290264","47289406","threatofrain","gjsman-1000",FALSE
"47293564","47291685","47289406","whattheheckheck","dwb",FALSE
"47293593","47291283","47289406","whattheheckheck","bigstrat2003",FALSE
"47293609","47292553","47289406","sarchertech","wtallis",FALSE
"47293617","47292553","47289406","skydhash","wtallis",FALSE
"47293703","47293593","47289406","habinero","whattheheckheck",FALSE
"47293884","47290452","47289406","habinero","hirvi74",FALSE
"47294934","47290541","47289406","pcloadlett3r","jldugger",FALSE
"47295529","47293564","47289406","dwb","whattheheckheck",FALSE
"47295807","47290138","47289406","tpoacher","somewhereoutth",FALSE
"47295812","47290464","47289406","tpoacher","gregoryl",FALSE
"47296419","47290387","47289406","disgruntledphd2","hackyhacky",FALSE
"47297582","47292368","47289406","gspr","fishtoaster",FALSE
"47298214","47292072","47289406","arunabha","mentalgear",FALSE
"47299252","47298214","47289406","mentalgear","arunabha",FALSE
"47300292","47294934","47289406","jldugger","pcloadlett3r",FALSE
"47388846","47290195","47289406","elliemdaw","fishtoaster",FALSE
"47416199","47415865","47397367","jryio","Ancalagon",FALSE
"47416203","47415756","47397367","Lerc","tedivm",FALSE
"47416251","47416001","47397367","loloquwowndueo","phailhaus",FALSE
"47416268","47415865","47397367","Animats","Ancalagon",FALSE
"47416373","47416251","47397367","baq","loloquwowndueo",FALSE
"47416385","47416251","47397367","Swizec","loloquwowndueo",FALSE
"47416512","47416385","47397367","person22","Swizec",FALSE
"47416664","47416512","47397367","fhd2","person22",FALSE
"47416755","47416423","47397367","fhd2","duskdozer",FALSE
"47416773","47416385","47397367","empath75","Swizec",FALSE
"47416783","47416423","47397367","empath75","duskdozer",FALSE
"47416907","47416773","47397367","procaryote","empath75",FALSE
"47416936","47416773","47397367","Swizec","empath75",FALSE
"47417563","47416385","47397367","dctoedt","Swizec",FALSE
"47417565","47416251","47397367","lelanthran","loloquwowndueo",FALSE
"47417593","47416156","47397367","spaceywilly","jryio",FALSE
"47417797","47417565","47397367","patates","lelanthran",FALSE
"47417826","47417563","47397367","Swizec","dctoedt",FALSE
"47417875","47416512","47397367","patates","person22",FALSE
"47418009","47416373","47397367","Alex_L_Wood","baq",FALSE
"47418013","47416373","47397367","hvb2","baq",FALSE
"47418156","47416664","47397367","suzzer99","fhd2",FALSE
"47418159","47417826","47397367","rsoto2","Swizec",FALSE
"47418187","47416423","47397367","rsoto2","duskdozer",FALSE
"47418193","47418013","47397367","baq","hvb2",FALSE
"47418270","47416481","47397367","rsoto2","otabdeveloper4",FALSE
"47418436","47416936","47397367","dolmen","Swizec",FALSE
"47418536","47418436","47397367","Swizec","dolmen",FALSE
"47418647","47418625","47397367","mattdeboard","eggbrain",FALSE
"47418665","47416423","47397367","Gigachad","duskdozer",FALSE
"47418829","47418647","47397367","eggbrain","mattdeboard",FALSE
"47419051","47415652","47397367","flir","jghn",FALSE
"47419075","47416156","47397367","raw_anon_1111","jryio",FALSE
"47419079","47416156","47397367","mvrckhckr","jryio",FALSE
"47419135","47418665","47397367","icoder","Gigachad",FALSE
"47419210","47418829","47397367","mattdeboard","eggbrain",FALSE
"47419533","47418193","47397367","slopinthebag","baq",FALSE
"47419699","47416936","47397367","loloquwowndueo","Swizec",FALSE
"47420050","47419075","47397367","skydhash","raw_anon_1111",FALSE
"47420079","47418662","47397367","bluefirebrand","softwaredoug",FALSE
"47420106","47418725","47397367","bizzletk","fcatalan",FALSE
"47420125","47420050","47397367","raw_anon_1111","skydhash",FALSE
"47420162","47419135","47397367","Gigachad","icoder",FALSE
"47420436","47416503","47397367","SAI_Peregrinus","pron",FALSE
"47420707","47420106","47397367","fcatalan","bizzletk",FALSE
"47420723","47416156","47397367","seanmcdirmid","jryio",FALSE
"47420776","47420246","47397367","skydhash","SAI_Peregrinus",FALSE
"47421275","47417593","47397367","bisonbear","spaceywilly",FALSE
"47422072","47419533","47397367","baq","slopinthebag",FALSE
"47422089","47420776","47397367","anematode","skydhash",FALSE
"47422108","47418156","47397367","fhd2","suzzer99",FALSE
"47422218","47416156","47397367","maplethorpe","jryio",FALSE
"47422263","47418625","47397367","maplethorpe","eggbrain",FALSE
"47422523","47418193","47397367","hvb2","baq",FALSE
"47427867","47420776","47397367","SAI_Peregrinus","skydhash",FALSE
"47440019","47422263","47397367","eggbrain","maplethorpe",FALSE
"49330409","49326866","49321400","ryanchants","taurath",FALSE
"49431682","49340321","49321400","ArnaudDebray","BonanKou",FALSE
