"from","to","frequency"
"8note","devrandoom",1
"8note","simonw",1
"Alex_L_Wood","baq",1
"Animats","Ancalagon",1
"ArnaudDebray","BonanKou",1
"Gigachad","duskdozer",1
"Gigachad","icoder",1
"Herring","sarchertech",1
"JonChesterfield","logicchains",1
"Lerc","tedivm",1
"NewsaHackO","ahsisjb",1
"NewsaHackO","talkvoix",1
"NitpickLawyer","simonw",1
"SAI_Peregrinus","pron",1
"SAI_Peregrinus","skydhash",1
"SilverBirch","SOTGO",1
"Swizec","dctoedt",1
"Swizec","dolmen",1
"Swizec","empath75",1
"Swizec","loloquwowndueo",1
"VMG","rbren",1
"VMG","xnorswap",1
"_w1tm","VMG",1
"afro88","apical_dendrite",1
"ahsisjb","fishtoaster",1
"aiisjustanif","aussieguy1234",1
"aiisjustanif","logicchains",1
"aiisjustanif","simonw",1
"anematode","skydhash",1
"antihipocrat","dakshgupta",1
"antihipocrat","simonw",1
"apical_dendrite","gowld",1
"apical_dendrite","johngossman",1
"apical_dendrite","lpnam0201",1
"arunabha","mentalgear",1
"axi0m","apical_dendrite",1
"baq","hvb2",1
"baq","loloquwowndueo",1
"baq","slopinthebag",1
"bigstrat2003","fishtoaster",1
"bisonbear","spaceywilly",1
"bizzletk","fcatalan",1
"bluefirebrand","softwaredoug",1
"codr7","dakshgupta",1
"codr7","senderista",1
"codydkdc","simonw",1
"coffeefirst","gjsman-1000",1
"cuntiusmccunt","bensyverson",1
"dakshgupta","SOTGO",1
"dakshgupta","_w1tm",1
"dakshgupta","antihipocrat",1
"dakshgupta","dheera",1
"dakshgupta","gilleain",1
"dakshgupta","gitroom",1
"dakshgupta","godelski",1
"dakshgupta","logicchains",1
"dakshgupta","never_better",1
"dakshgupta","pjmlp",1
"dakshgupta","simonw",1
"dctoedt","Swizec",1
"dheera","dakshgupta",1
"disgruntledphd2","hackyhacky",1
"dolmen","Swizec",1
"dragonwriter","never_better",1
"dwaltrip","gregoryl",1
"dwb","fishtoaster",1
"dwb","whattheheckheck",1
"dwb","xantronix",1
"ebiester","nemomarx",1
"ebiester","simonw",1
"eggbrain","maplethorpe",1
"eggbrain","mattdeboard",1
"elliemdaw","fishtoaster",1
"empath75","Swizec",1
"empath75","duskdozer",1
"fcatalan","bizzletk",1
"fhd2","duskdozer",1
"fhd2","person22",1
"fhd2","suzzer99",1
"fishtoaster","gspr",1
"flir","jghn",1
"flir","simonw",1
"garylkz","okdood64",1
"gilleain","okdood64",1
"gilleain","simonw",1
"gjsman-1000","fishtoaster",1
"godelski","dakshgupta",1
"godelski","simonw",1
"gopalv","fishtoaster",1
"gowld","apical_dendrite",1
"gowld","bryanlarsen",1
"gowld","hnthrow0287345",1
"gowld","johngossman",1
"gowld","scuff3d",1
"gregoryl","lowsong",1
"greymalik","rienbdj",1
"gspr","fishtoaster",2
"habinero","hirvi74",1
"habinero","whattheheckheck",1
"hackyhacky","gjsman-1000",1
"halfcat","logicchains",1
"hirvi74","johngossman",2
"hvb2","baq",2
"icoder","Gigachad",1
"isaacremuant","flir",1
"jldugger","pcloadlett3r",1
"johngossman","apical_dendrite",1
"jryio","Ancalagon",1
"lelanthran","loloquwowndueo",1
"leptons","hackyhacky",1
"loa_in_","phamilton",1
"logicchains","JonChesterfield",1
"logicchains","sarchertech",1
"loloquwowndueo","Swizec",1
"loloquwowndueo","phailhaus",1
"lowsong","hnthrow0287345",1
"lpnam0201","apical_dendrite",1
"lvzw","flir",1
"maplethorpe","eggbrain",1
"maplethorpe","jryio",1
"mattdeboard","eggbrain",2
"mentalgear","arunabha",1
"mentalgear","gopalv",1
"metajack","apical_dendrite",1
"mvrckhckr","jryio",1
"nemomarx","ebiester",2
"nemomarx","logicchains",1
"never_better","SOTGO",1
"never_better","dakshgupta",1
"okdood64","gilleain",1
"okdood64","svieira",1
"orsorna","fishtoaster",1
"patates","lelanthran",1
"patates","person22",1
"pcloadlett3r","jldugger",1
"person22","Swizec",1
"phamilton","devrandoom",1
"pjm331","fishtoaster",1
"pjmlp","dakshgupta",1
"procaryote","empath75",1
"px1999","fishtoaster",1
"raw_anon_1111","jryio",1
"raw_anon_1111","skydhash",1
"recursive","simonw",1
"regus","hirvi74",1
"rienbdj","simonw",1
"rsoto2","Swizec",1
"rsoto2","duskdozer",1
"rsoto2","otabdeveloper4",1
"ryanchants","taurath",1
"sarchertech","Herring",1
"sarchertech","fishtoaster",1
"sarchertech","logicchains",1
"sarchertech","wtallis",1
"scuff3d","apical_dendrite",1
"scuff3d","gowld",1
"seanmcdirmid","jryio",1
"senderista","logicchains",1
"sensanaty","simonw",1
"simonw","NitpickLawyer",1
"simonw","aiisjustanif",1
"simonw","ebiester",1
"simonw","gilleain",1
"simonw","lvzw",1
"simonw","rienbdj",1
"skydhash","SAI_Peregrinus",1
"skydhash","dakshgupta",1
"skydhash","raw_anon_1111",1
"skydhash","wtallis",1
"slopinthebag","baq",1
"slyle","simonw",1
"somewhereoutth","VanTodi",1
"somewhereoutth","lowsong",1
"spaceywilly","jryio",1
"suzzer99","afro88",1
"suzzer99","fhd2",1
"suzzer99","lowsong",1
"talkvoix","NewsaHackO",1
"threatofrain","gjsman-1000",1
"throwup238","svieira",1
"tpoacher","gregoryl",1
"tpoacher","somewhereoutth",1
"user3939382","fishtoaster",1
"wffurr","xnorswap",1
"whattheheckheck","bigstrat2003",1
"whattheheckheck","dwb",1
"wizzwizz4","fishtoaster",1
"wizzwizz4","wtallis",1
"wtallis","sarchertech",1
"xantronix","dwb",1
"xnickb","flimflamm",1
"xnorswap","VMG",1
"zer00eyz","fishtoaster",1
