"comment_id","n_tokens","n_unique_tokens","has_quote_marker","has_url"
"43861747",83,54,TRUE,FALSE
"43862272",109,74,FALSE,TRUE
"43862722",75,54,FALSE,TRUE
"43861461",25,24,TRUE,FALSE
"43861845",60,54,FALSE,FALSE
"43866255",111,80,FALSE,FALSE
"43861805",60,46,FALSE,FALSE
"43865180",30,27,FALSE,FALSE
"43869484",54,40,FALSE,FALSE
"43864090",79,67,FALSE,FALSE
"43863518",8,8,FALSE,FALSE
"43866989",32,29,FALSE,FALSE
"43863052",23,20,FALSE,FALSE
"43867335",135,90,TRUE,FALSE
"43862196",38,36,TRUE,FALSE
"43874486",17,13,TRUE,FALSE
"43863440",18,18,FALSE,FALSE
"43862062",78,60,FALSE,FALSE
"43863177",4,3,FALSE,FALSE
"43866834",14,12,TRUE,FALSE
"43862283",17,15,FALSE,FALSE
"43870056",33,31,FALSE,FALSE
"43863147",17,17,FALSE,FALSE
"43864088",36,32,FALSE,FALSE
"43862212",14,14,FALSE,FALSE
"43868096",95,78,FALSE,FALSE
"43861988",23,22,FALSE,FALSE
"43862471",168,119,TRUE,FALSE
"43877121",12,11,FALSE,FALSE
"43877072",7,7,FALSE,FALSE
"43862230",37,35,FALSE,FALSE
"43862570",29,27,FALSE,FALSE
"43863986",22,20,FALSE,FALSE
"43864164",2,2,FALSE,FALSE
"43867172",5,5,FALSE,FALSE
"43863762",50,43,FALSE,FALSE
"43882803",36,27,FALSE,FALSE
"43863760",13,12,FALSE,FALSE
"43877003",3,3,FALSE,FALSE
"43867077",87,75,FALSE,FALSE
"43870372",20,17,FALSE,FALSE
"43867002",29,28,FALSE,FALSE
"43864292",37,34,FALSE,FALSE
"43864624",23,21,FALSE,FALSE
"43862226",16,15,FALSE,FALSE
"43862875",24,21,FALSE,FALSE
"43862197",5,5,FALSE,FALSE
"43864289",10,9,FALSE,FALSE
"43862532",30,27,FALSE,FALSE
"43878249",26,21,FALSE,FALSE
"43862311",35,30,FALSE,FALSE
"43868785",44,35,FALSE,FALSE
"43869060",9,9,FALSE,FALSE
"43865942",50,44,FALSE,FALSE
"43864296",8,7,TRUE,FALSE
"43867764",66,55,TRUE,FALSE
"43868939",8,8,FALSE,FALSE
"43872179",15,15,FALSE,FALSE
"43872063",12,12,FALSE,FALSE
"43864337",28,27,FALSE,FALSE
"43867474",28,27,FALSE,FALSE
"43863014",11,9,FALSE,FALSE
"43868646",52,40,FALSE,TRUE
"43863975",60,47,FALSE,FALSE
"43862796",38,33,FALSE,FALSE
"43865362",18,18,FALSE,FALSE
"43864261",28,26,FALSE,FALSE
"43862926",201,143,FALSE,FALSE
"43862914",25,22,FALSE,FALSE
"43877106",9,6,FALSE,FALSE
"43864403",12,11,FALSE,FALSE
"43865065",9,9,FALSE,FALSE
"43870078",63,54,FALSE,FALSE
"43869395",44,40,FALSE,FALSE
"43864161",26,24,FALSE,FALSE
"43862940",17,16,FALSE,FALSE
"43862939",27,25,FALSE,FALSE
"43863144",14,14,FALSE,FALSE
"43864371",29,29,FALSE,FALSE
"43869024",18,18,FALSE,FALSE
"43863130",29,26,FALSE,FALSE
"43863401",17,16,FALSE,FALSE
"43863222",17,17,FALSE,FALSE
"43863152",9,9,TRUE,FALSE
"47290195",114,97,FALSE,FALSE
"47289753",96,77,TRUE,FALSE
"47292915",38,34,FALSE,FALSE
"47290541",93,84,FALSE,FALSE
"47290064",44,38,FALSE,FALSE
"47289611",40,36,TRUE,FALSE
"47295857",87,68,TRUE,TRUE
"47292836",79,61,FALSE,FALSE
"47292315",58,56,FALSE,TRUE
"47289837",124,95,FALSE,FALSE
"47290050",41,32,FALSE,FALSE
"47289922",237,160,FALSE,FALSE
"47290336",82,70,FALSE,FALSE
"47297601",70,60,FALSE,FALSE
"47309375",51,43,FALSE,FALSE
"47290949",52,39,FALSE,FALSE
"47298568",40,37,TRUE,FALSE
"47290240",22,22,TRUE,TRUE
"47289697",17,15,FALSE,FALSE
"47291184",17,15,FALSE,FALSE
"47292035",20,20,TRUE,FALSE
"47291922",9,9,FALSE,FALSE
"47289908",35,29,FALSE,FALSE
"47290414",87,70,FALSE,FALSE
"47291252",131,113,TRUE,TRUE
"47290511",51,41,TRUE,FALSE
"47290376",172,143,TRUE,TRUE
"47290249",23,22,TRUE,FALSE
"47290993",41,35,FALSE,FALSE
"47388846",41,33,FALSE,FALSE
"47291794",22,21,TRUE,FALSE
"47291283",42,39,TRUE,FALSE
"47290264",89,76,FALSE,FALSE
"47292581",25,24,FALSE,FALSE
"47290770",29,28,FALSE,FALSE
"47290485",26,25,FALSE,FALSE
"47290026",31,30,TRUE,FALSE
"47290390",26,24,FALSE,TRUE
"47294934",46,39,FALSE,FALSE
"47292624",16,14,FALSE,FALSE
"47290081",41,33,FALSE,FALSE
"47290452",180,132,FALSE,TRUE
"47290339",40,30,FALSE,FALSE
"47290312",5,5,FALSE,FALSE
"47290374",10,10,FALSE,FALSE
"47290351",23,18,FALSE,FALSE
"47292679",44,42,FALSE,FALSE
"47290150",12,11,FALSE,FALSE
"47290269",117,97,FALSE,FALSE
"47291898",3,3,FALSE,FALSE
"47290182",29,26,FALSE,FALSE
"47292553",55,44,TRUE,FALSE
"47290566",33,22,TRUE,FALSE
"47290934",26,25,FALSE,FALSE
"47292072",19,18,TRUE,FALSE
"47292583",15,15,TRUE,FALSE
"47291409",54,52,FALSE,FALSE
"47292368",77,58,FALSE,FALSE
"47293593",5,5,FALSE,FALSE
"47290423",12,12,FALSE,FALSE
"47293190",22,18,FALSE,FALSE
"47290387",16,15,TRUE,FALSE
"47290464",12,12,FALSE,FALSE
"47290653",48,44,FALSE,FALSE
"47290138",4,4,FALSE,FALSE
"47300292",14,14,TRUE,FALSE
"47292925",13,13,FALSE,FALSE
"47290128",24,23,FALSE,FALSE
"47293884",97,78,TRUE,FALSE
"47290926",36,32,FALSE,FALSE
"47290403",2,2,FALSE,FALSE
"47290189",17,17,FALSE,FALSE
"47290361",19,16,TRUE,FALSE
"47293617",91,75,FALSE,FALSE
"47292573",21,15,FALSE,FALSE
"47293609",79,60,FALSE,FALSE
"47292074",122,85,TRUE,FALSE
"47290745",27,25,FALSE,FALSE
"47291250",38,33,FALSE,FALSE
"47298214",9,9,FALSE,FALSE
"47291685",18,18,FALSE,FALSE
"47297582",110,85,TRUE,FALSE
"47292753",94,82,TRUE,TRUE
"47293703",6,6,FALSE,FALSE
"47290461",10,10,FALSE,FALSE
"47296419",29,24,FALSE,FALSE
"47295812",5,5,FALSE,FALSE
"47290551",1,1,FALSE,FALSE
"47295807",6,6,FALSE,FALSE
"47290535",45,40,FALSE,TRUE
"47290334",8,8,FALSE,FALSE
"47290692",5,5,FALSE,FALSE
"47299252",6,6,FALSE,FALSE
"47293564",12,12,FALSE,FALSE
"47290582",11,11,FALSE,FALSE
"47295529",23,20,FALSE,FALSE
"47416156",63,53,FALSE,FALSE
"47415756",88,68,FALSE,FALSE
"47418725",61,55,FALSE,TRUE
"47416503",61,47,TRUE,FALSE
"47415652",26,23,FALSE,FALSE
"47416423",10,10,FALSE,FALSE
"47416059",13,13,FALSE,FALSE
"47416481",19,19,FALSE,FALSE
"47417792",71,61,FALSE,FALSE
"47418127",114,100,FALSE,FALSE
"47416001",36,34,FALSE,FALSE
"47418662",13,10,FALSE,TRUE
"47416748",12,12,FALSE,FALSE
"47417879",14,14,FALSE,FALSE
"47418625",152,116,FALSE,FALSE
"47419159",16,15,FALSE,FALSE
"47415865",9,8,FALSE,FALSE
"47420136",40,37,FALSE,FALSE
"47418636",79,72,FALSE,FALSE
"47416663",5,5,FALSE,FALSE
"47417496",122,88,TRUE,TRUE
"47418695",11,10,FALSE,FALSE
"47417189",35,32,FALSE,FALSE
"47416357",1,1,FALSE,FALSE
"47416403",39,36,FALSE,FALSE
"47417593",111,84,FALSE,FALSE
"47419079",40,38,FALSE,FALSE
"47420723",32,30,FALSE,FALSE
"47419075",11,9,FALSE,FALSE
"47422218",7,7,FALSE,FALSE
"47416203",80,71,FALSE,FALSE
"47420106",6,6,FALSE,TRUE
"47420436",66,45,FALSE,FALSE
"47419051",5,4,FALSE,FALSE
"47418665",19,19,FALSE,FALSE
"47416755",85,67,FALSE,FALSE
"47418187",3,3,FALSE,FALSE
"47416783",12,12,FALSE,FALSE
"47418270",10,10,FALSE,FALSE
"47416251",67,52,TRUE,FALSE
"47420079",7,7,FALSE,FALSE
"47422263",8,8,FALSE,FALSE
"47418647",8,7,FALSE,FALSE
"47416268",76,60,FALSE,FALSE
"47416199",37,36,FALSE,FALSE
"47421275",48,44,FALSE,TRUE
"47420050",34,25,FALSE,FALSE
"47420707",71,56,FALSE,FALSE
"47419135",19,18,FALSE,FALSE
"47420246",31,30,FALSE,FALSE
"47416385",51,45,TRUE,TRUE
"47417565",31,27,TRUE,FALSE
"47416373",43,38,FALSE,FALSE
"47417137",20,18,TRUE,FALSE
"47440019",68,53,FALSE,FALSE
"47418829",71,56,FALSE,TRUE
"47420125",11,11,FALSE,FALSE
"47420162",27,27,FALSE,FALSE
"47420776",80,63,FALSE,FALSE
"47417563",18,17,TRUE,FALSE
"47416512",26,25,FALSE,FALSE
"47416773",29,28,TRUE,FALSE
"47417797",49,37,FALSE,FALSE
"47418009",10,9,FALSE,FALSE
"47418013",20,19,FALSE,FALSE
"47419210",7,6,FALSE,FALSE
"47427867",23,23,FALSE,FALSE
"47422089",3,3,FALSE,FALSE
"47417826",15,15,FALSE,FALSE
"47416664",11,11,FALSE,FALSE
"47417875",17,14,FALSE,FALSE
"47416936",61,51,TRUE,FALSE
"47416907",6,6,FALSE,FALSE
"47418193",25,21,FALSE,FALSE
"47418159",18,18,FALSE,FALSE
"47418156",32,29,FALSE,FALSE
"47419699",24,22,TRUE,FALSE
"47418436",6,6,FALSE,FALSE
"47419533",18,12,FALSE,FALSE
"47422523",9,9,FALSE,FALSE
"47422108",58,43,FALSE,FALSE
"47418536",19,17,FALSE,FALSE
"47422072",10,10,FALSE,FALSE
"49431613",57,56,TRUE,TRUE
"49438416",12,12,FALSE,TRUE
"49326866",86,82,FALSE,FALSE
"49353756",44,42,FALSE,FALSE
"49340321",35,30,FALSE,FALSE
"49335907",24,24,FALSE,FALSE
"49351024",22,22,FALSE,FALSE
"49328161",17,17,FALSE,FALSE
"49326680",16,15,FALSE,FALSE
"49330409",7,7,FALSE,TRUE
"49431682",12,11,TRUE,FALSE
"49378613",99,78,FALSE,FALSE
"49391935",73,66,FALSE,FALSE
"49378474",10,10,FALSE,FALSE
"49388308",3,3,FALSE,FALSE
