comment_id,thread_id,verification_specific,coder,coding_note
43861747,43857643,,,
43862272,43857643,,,
43862722,43857643,,,
43861461,43857643,,,
43861845,43857643,,,
43866255,43857643,,,
43861805,43857643,,,
43865180,43857643,,,
43869484,43857643,,,
43864090,43857643,,,
43863518,43857643,,,
43866989,43857643,,,
43863052,43857643,,,
43867335,43857643,,,
43862196,43857643,,,
43874486,43857643,,,
43863440,43857643,,,
43862062,43857643,,,
43863177,43857643,,,
43866834,43857643,,,
43862283,43857643,,,
43870056,43857643,,,
43863147,43857643,,,
43864088,43857643,,,
43862212,43857643,,,
43868096,43857643,,,
43861988,43857643,,,
43862471,43857643,,,
43877121,43857643,,,
43877072,43857643,,,
43862230,43857643,,,
43862570,43857643,,,
43863986,43857643,,,
43864164,43857643,,,
43867172,43857643,,,
43863762,43857643,,,
43882803,43857643,,,
43863760,43857643,,,
43877003,43857643,,,
43867077,43857643,,,
43870372,43857643,,,
43867002,43857643,,,
43864292,43857643,,,
43864624,43857643,,,
43862226,43857643,,,
43862875,43857643,,,
43862197,43857643,,,
43864289,43857643,,,
43862532,43857643,,,
43878249,43857643,,,
43862311,43857643,,,
43868785,43857643,,,
43869060,43857643,,,
43865942,43857643,,,
43864296,43857643,,,
43867764,43857643,,,
43868939,43857643,,,
43872179,43857643,,,
43872063,43857643,,,
43864337,43857643,,,
43867474,43857643,,,
43863014,43857643,,,
43868646,43857643,,,
43863975,43857643,,,
43862796,43857643,,,
43865362,43857643,,,
43864261,43857643,,,
43862926,43857643,,,
43862914,43857643,,,
43877106,43857643,,,
43864403,43857643,,,
43865065,43857643,,,
43870078,43857643,,,
43869395,43857643,,,
43864161,43857643,,,
43862940,43857643,,,
43862939,43857643,,,
43863144,43857643,,,
43864371,43857643,,,
43869024,43857643,,,
43863130,43857643,,,
43863401,43857643,,,
43863222,43857643,,,
43863152,43857643,,,
47290195,47289406,,,
47289753,47289406,,,
47292915,47289406,,,
47290541,47289406,,,
47290064,47289406,,,
47289611,47289406,,,
47295857,47289406,,,
47292836,47289406,,,
47292315,47289406,,,
47289837,47289406,,,
47290050,47289406,,,
47289922,47289406,,,
47290336,47289406,,,
47297601,47289406,,,
47309375,47289406,,,
47290949,47289406,,,
47298568,47289406,,,
47290240,47289406,,,
47289697,47289406,,,
47291184,47289406,,,
47292035,47289406,,,
47291922,47289406,,,
47289908,47289406,,,
47290414,47289406,,,
47291252,47289406,,,
47290511,47289406,,,
47290376,47289406,,,
47290249,47289406,,,
47290993,47289406,,,
47388846,47289406,,,
47291794,47289406,,,
47291283,47289406,,,
47290264,47289406,,,
47292581,47289406,,,
47290770,47289406,,,
47290485,47289406,,,
47290026,47289406,,,
47290390,47289406,,,
47294934,47289406,,,
47292624,47289406,,,
47290081,47289406,,,
47290452,47289406,,,
47290339,47289406,,,
47290312,47289406,,,
47290374,47289406,,,
47290351,47289406,,,
47292679,47289406,,,
47290150,47289406,,,
47290269,47289406,,,
47291898,47289406,,,
47290182,47289406,,,
47292553,47289406,,,
47290566,47289406,,,
47290934,47289406,,,
47292072,47289406,,,
47292583,47289406,,,
47291409,47289406,,,
47292368,47289406,,,
47293593,47289406,,,
47290423,47289406,,,
47293190,47289406,,,
47290387,47289406,,,
47290464,47289406,,,
47290653,47289406,,,
47290138,47289406,,,
47300292,47289406,,,
47292925,47289406,,,
47290128,47289406,,,
47293884,47289406,,,
47290926,47289406,,,
47290403,47289406,,,
47290189,47289406,,,
47290361,47289406,,,
47293617,47289406,,,
47292573,47289406,,,
47293609,47289406,,,
47292074,47289406,,,
47290745,47289406,,,
47291250,47289406,,,
47298214,47289406,,,
47291685,47289406,,,
47297582,47289406,,,
47292753,47289406,,,
47293703,47289406,,,
47290461,47289406,,,
47296419,47289406,,,
47295812,47289406,,,
47290551,47289406,,,
47295807,47289406,,,
47290535,47289406,,,
47290334,47289406,,,
47290692,47289406,,,
47299252,47289406,,,
47293564,47289406,,,
47290582,47289406,,,
47295529,47289406,,,
47416156,47397367,,,
47415756,47397367,,,
47418725,47397367,,,
47416503,47397367,,,
47415652,47397367,,,
47416423,47397367,,,
47416059,47397367,,,
47416481,47397367,,,
47417792,47397367,,,
47418127,47397367,,,
47416001,47397367,,,
47418662,47397367,,,
47416748,47397367,,,
47417879,47397367,,,
47418625,47397367,,,
47419159,47397367,,,
47415865,47397367,,,
47420136,47397367,,,
47418636,47397367,,,
47416663,47397367,,,
47417496,47397367,,,
47418695,47397367,,,
47417189,47397367,,,
47416357,47397367,,,
47416403,47397367,,,
47417593,47397367,,,
47419079,47397367,,,
47420723,47397367,,,
47419075,47397367,,,
47422218,47397367,,,
47416203,47397367,,,
47420106,47397367,,,
47420436,47397367,,,
47419051,47397367,,,
47418665,47397367,,,
47416755,47397367,,,
47418187,47397367,,,
47416783,47397367,,,
47418270,47397367,,,
47416251,47397367,,,
47420079,47397367,,,
47422263,47397367,,,
47418647,47397367,,,
47416268,47397367,,,
47416199,47397367,,,
47421275,47397367,,,
47420050,47397367,,,
47420707,47397367,,,
47419135,47397367,,,
47420246,47397367,,,
47416385,47397367,,,
47417565,47397367,,,
47416373,47397367,,,
47417137,47397367,,,
47440019,47397367,,,
47418829,47397367,,,
47420125,47397367,,,
47420162,47397367,,,
47420776,47397367,,,
47417563,47397367,,,
47416512,47397367,,,
47416773,47397367,,,
47417797,47397367,,,
47418009,47397367,,,
47418013,47397367,,,
47419210,47397367,,,
47427867,47397367,,,
47422089,47397367,,,
47417826,47397367,,,
47416664,47397367,,,
47417875,47397367,,,
47416936,47397367,,,
47416907,47397367,,,
47418193,47397367,,,
47418159,47397367,,,
47418156,47397367,,,
47419699,47397367,,,
47418436,47397367,,,
47419533,47397367,,,
47422523,47397367,,,
47422108,47397367,,,
47418536,47397367,,,
47422072,47397367,,,
49431613,49321400,,,
49438416,49321400,,,
49326866,49321400,,,
49353756,49321400,,,
49340321,49321400,,,
49335907,49321400,,,
49351024,49321400,,,
49328161,49321400,,,
49326680,49321400,,,
49330409,49321400,,,
49431682,49321400,,,
49378613,49378314,,,
49391935,49378314,,,
49378474,49378314,,,
49388308,49378314,,,
